date,RS
05/01/2004,20.83
12/01/2004,19.66
30/07/2004,18.14
02/08/2004,18.24
03/08/2004,18.04
04/08/2004,18.02
05/08/2004,18.06
06/08/2004,18.13
09/08/2004,17.97
10/08/2004,17.98
11/08/2004,18.08
12/08/2004,18.07
13/08/2004,18.04
16/08/2004,18.20
17/08/2004,18.22
18/08/2004,18.26
19/08/2004,18.35
20/08/2004,18.58
23/08/2004,18.65
24/08/2004,18.81
25/08/2004,18.77
26/08/2004,18.73
27/08/2004,18.97
30/08/2004,18.94
31/08/2004,18.97
01/09/2004,19.11
02/09/2004,19.13
03/09/2004,18.99
06/09/2004,19.11
09/09/2004,19.02
10/09/2004,19.07
13/09/2004,19.10
14/09/2004,19.08
15/09/2004,19.20
16/09/2004,19.28
17/09/2004,19.19
20/09/2004,19.14
21/09/2004,19.10
22/09/2004,19.06
23/09/2004,18.94
24/09/2004,18.97
27/09/2004,19.14
28/09/2004,19.01
29/09/2004,18.69
30/09/2004,18.65
01/10/2004,18.51
04/10/2004,18.41
05/10/2004,18.46
06/10/2004,18.27
07/10/2004,18.29
08/10/2004,18.33
11/10/2004,18.31
13/10/2004,18.42
14/10/2004,18.47
15/10/2004,18.49
18/10/2004,18.36
19/10/2004,18.39
20/10/2004,18.24
21/10/2004,18.05
22/10/2004,18.09
25/10/2004,18.10
26/10/2004,18.04
27/10/2004,18.07
28/10/2004,18.01
29/10/2004,18.01
01/11/2004,17.87
03/11/2004,17.84
04/11/2004,17.86
05/11/2004,17.86
08/11/2004,17.84
09/11/2004,17.82
10/11/2004,17.69
11/11/2004,17.64
12/11/2004,17.66
16/11/2004,17.80
17/11/2004,17.79
18/11/2004,17.86
19/11/2004,17.84
22/11/2004,17.58
23/11/2004,17.64
24/11/2004,17.61
25/11/2004,17.54
26/11/2004,17.52
29/11/2004,17.40
30/11/2004,17.37
01/12/2004,17.35
02/12/2004,17.17
03/12/2004,17.23
06/12/2004,17.09
07/12/2004,17.13
08/12/2004,17.02
09/12/2004,17.04
10/12/2004,17.02
13/12/2004,17.02
14/12/2004,17.00
15/12/2004,17.02
16/12/2004,17.04
17/12/2004,16.92
20/12/2004,16.90
21/12/2004,17.15
22/12/2004,17.27
23/12/2004,17.25
27/12/2004,17.35
28/12/2004,17.33
29/12/2004,17.36
30/12/2004,17.37
03/01/2005,17.03
04/01/2005,17.62
05/01/2005,17.88
06/01/2005,17.87
07/01/2005,17.90
10/01/2005,17.96
11/01/2005,17.96
12/01/2005,17.75
13/01/2005,17.95
14/01/2005,18.02
17/01/2005,18.01
18/01/2005,17.97
19/01/2005,17.91
20/01/2005,17.87
21/01/2005,17.81
24/01/2005,17.80
25/01/2005,17.70
26/01/2005,17.84
27/01/2005,17.75
28/01/2005,17.79
31/01/2005,17.75
01/02/2005,17.72
02/02/2005,17.65
03/02/2005,17.57
04/02/2005,17.64
09/02/2005,17.49
10/02/2005,17.58
11/02/2005,17.56
14/02/2005,17.33
15/02/2005,17.33
16/02/2005,17.28
17/02/2005,17.30
18/02/2005,17.28
21/02/2005,17.28
22/02/2005,17.29
23/02/2005,17.29
24/02/2005,17.46
25/02/2005,17.57
28/02/2005,17.90
01/03/2005,18.20
02/03/2005,18.42
03/03/2005,18.81
04/03/2005,18.86
07/03/2005,18.84
08/03/2005,19.19
09/03/2005,19.28
10/03/2005,19.47
11/03/2005,19.72
14/03/2005,19.88
15/03/2005,20.50
16/03/2005,21.11
17/03/2005,21.24
18/03/2005,21.20
21/03/2005,21.14
22/03/2005,21.13
23/03/2005,21.12
24/03/2005,20.76
28/03/2005,20.64
29/03/2005,20.58
30/03/2005,20.74
31/03/2005,20.42
01/04/2005,20.16
04/04/2005,20.21
05/04/2005,20.13
06/04/2005,19.84
07/04/2005,19.71
08/04/2005,19.81
11/04/2005,19.86
12/04/2005,19.63
13/04/2005,19.33
14/04/2005,19.35
15/04/2005,19.15
18/04/2005,18.93
19/04/2005,18.75
20/04/2005,18.87
22/04/2005,18.71
25/04/2005,18.84
26/04/2005,18.86
27/04/2005,18.86
28/04/2005,19.00
29/04/2005,18.94
02/05/2005,19.07
03/05/2005,19.08
04/05/2005,19.15
05/05/2005,19.20
06/05/2005,19.25
09/05/2005,19.16
10/05/2005,18.90
11/05/2005,18.93
12/05/2005,18.90
13/05/2005,19.03
16/05/2005,19.04
17/05/2005,19.09
18/05/2005,19.14
19/05/2005,19.13
20/05/2005,19.06
23/05/2005,19.07
24/05/2005,19.02
25/05/2005,18.92
27/05/2005,18.75
30/05/2005,18.80
31/05/2005,18.82
01/06/2005,18.82
02/06/2005,18.89
03/06/2005,19.00
06/06/2005,19.28
07/06/2005,19.49
08/06/2005,19.57
09/06/2005,19.58
10/06/2005,19.62
13/06/2005,19.64
14/06/2005,19.56
15/06/2005,19.76
16/06/2005,19.83
17/06/2005,19.70
20/06/2005,19.72
21/06/2005,19.72
22/06/2005,19.76
23/06/2005,19.72
24/06/2005,19.69
27/06/2005,19.73
28/06/2005,19.64
29/06/2005,19.66
30/06/2005,19.70
01/07/2005,19.65
04/07/2005,19.59
05/07/2005,19.57
06/07/2005,19.54
07/07/2005,19.56
08/07/2005,19.57
11/07/2005,19.56
12/07/2005,19.48
13/07/2005,19.50
14/07/2005,19.43
15/07/2005,19.32
18/07/2005,19.37
19/07/2005,19.29
20/07/2005,19.00
21/07/2005,18.94
22/07/2005,18.92
25/07/2005,18.88
26/07/2005,18.86
27/07/2005,18.81
28/07/2005,18.88
29/07/2005,18.83
01/08/2005,18.86
02/08/2005,18.83
03/08/2005,18.71
04/08/2005,18.82
05/08/2005,18.82
08/08/2005,18.76
09/08/2005,18.75
10/08/2005,18.76
11/08/2005,18.71
12/08/2005,18.68
15/08/2005,18.65
16/08/2005,18.57
17/08/2005,18.48
18/08/2005,18.48
19/08/2005,18.47
22/08/2005,18.50
23/08/2005,18.48
24/08/2005,18.54
25/08/2005,18.58
26/08/2005,18.60
29/08/2005,18.59
30/08/2005,18.55
31/08/2005,18.61
01/09/2005,18.58
02/09/2005,18.55
05/09/2005,18.51
06/09/2005,18.53
08/09/2005,18.46
09/09/2005,18.37
12/09/2005,18.33
13/09/2005,18.38
14/09/2005,18.34
15/09/2005,18.35
16/09/2005,18.34
19/09/2005,18.27
20/09/2005,18.38
21/09/2005,18.38
22/09/2005,18.32
23/09/2005,18.34
26/09/2005,18.27
27/09/2005,18.31
28/09/2005,18.26
29/09/2005,18.13
30/09/2005,18.18
03/10/2005,18.09
04/10/2005,18.06
05/10/2005,18.10
06/10/2005,18.10
07/10/2005,18.03
10/10/2005,18.09
11/10/2005,18.04
13/10/2005,18.06
14/10/2005,17.94
17/10/2005,18.01
18/10/2005,17.91
19/10/2005,17.81
20/10/2005,17.65
21/10/2005,17.53
24/10/2005,17.46
25/10/2005,17.45
26/10/2005,17.51
27/10/2005,17.41
28/10/2005,17.30
31/10/2005,16.98
01/11/2005,16.94
03/11/2005,16.79
04/11/2005,16.81
07/11/2005,16.69
08/11/2005,16.82
09/11/2005,16.71
10/11/2005,16.68
11/11/2005,16.48
14/11/2005,16.44
16/11/2005,16.53
17/11/2005,16.53
18/11/2005,16.57
21/11/2005,16.44
22/11/2005,16.41
23/11/2005,16.36
24/11/2005,16.29
25/11/2005,16.21
28/11/2005,16.14
29/11/2005,16.08
30/11/2005,16.02
01/12/2005,16.03
02/12/2005,16.00
05/12/2005,16.12
06/12/2005,16.16
07/12/2005,16.08
08/12/2005,16.30
09/12/2005,16.30
12/12/2005,16.21
13/12/2005,16.26
14/12/2005,16.57
15/12/2005,16.83
16/12/2005,16.74
19/12/2005,17.01
20/12/2005,17.13
21/12/2005,17.16
22/12/2005,17.28
23/12/2005,17.35
26/12/2005,17.35
27/12/2005,17.50
28/12/2005,17.51
29/12/2005,17.55
02/01/2006,17.60
03/01/2006,17.64
04/01/2006,17.71
05/01/2006,17.87
06/01/2006,17.94
09/01/2006,18.03
10/01/2006,18.06
11/01/2006,17.79
12/01/2006,17.65
13/01/2006,17.79
16/01/2006,17.79
17/01/2006,17.62
18/01/2006,17.75
19/01/2006,17.60
20/01/2006,17.50
23/01/2006,17.33
24/01/2006,17.19
25/01/2006,17.24
26/01/2006,17.11
27/01/2006,17.06
30/01/2006,17.01
31/01/2006,16.91
01/02/2006,16.99
02/02/2006,17.07
03/02/2006,16.95
06/02/2006,16.73
07/02/2006,16.69
08/02/2006,16.58
09/02/2006,16.54
10/02/2006,16.52
13/02/2006,16.51
14/02/2006,16.33
15/02/2006,16.32
16/02/2006,16.30
17/02/2006,16.33
20/02/2006,16.29
21/02/2006,16.33
22/02/2006,16.32
23/02/2006,16.32
24/02/2006,16.29
01/03/2006,16.26
02/03/2006,16.06
03/03/2006,15.94
06/03/2006,15.86
07/03/2006,15.76
08/03/2006,15.50
09/03/2006,15.42
10/03/2006,15.41
13/03/2006,15.21
14/03/2006,15.08
15/03/2006,14.62
16/03/2006,14.19
17/03/2006,14.30
20/03/2006,14.32
21/03/2006,14.09
22/03/2006,13.74
23/03/2006,13.77
24/03/2006,13.70
27/03/2006,13.50
28/03/2006,13.50
29/03/2006,13.44
30/03/2006,13.32
31/03/2006,13.33
03/04/2006,13.34
04/04/2006,13.38
05/04/2006,13.47
06/04/2006,13.43
07/04/2006,13.45
10/04/2006,13.49
11/04/2006,13.89
12/04/2006,14.06
13/04/2006,14.11
17/04/2006,14.30
18/04/2006,14.85
19/04/2006,15.34
20/04/2006,15.28
24/04/2006,15.47
25/04/2006,15.62
26/04/2006,15.61
27/04/2006,15.41
28/04/2006,15.42
02/05/2006,15.37
03/05/2006,15.30
04/05/2006,15.21
05/05/2006,15.19
08/05/2006,15.14
09/05/2006,15.07
10/05/2006,15.06
11/05/2006,15.01
12/05/2006,15.02
15/05/2006,15.05
16/05/2006,15.00
17/05/2006,15.09
18/05/2006,15.12
19/05/2006,15.05
22/05/2006,15.10
23/05/2006,15.29
24/05/2006,15.48
25/05/2006,15.58
26/05/2006,15.60
29/05/2006,15.59
30/05/2006,15.57
31/05/2006,15.69
01/06/2006,15.73
02/06/2006,15.99
05/06/2006,16.04
06/06/2006,16.06
07/06/2006,16.19
08/06/2006,16.32
09/06/2006,16.39
12/06/2006,16.28
13/06/2006,16.31
14/06/2006,16.56
16/06/2006,16.56
19/06/2006,16.60
20/06/2006,16.58
21/06/2006,16.79
22/06/2006,16.78
23/06/2006,16.78
26/06/2006,16.67
27/06/2006,16.74
28/06/2006,16.81
29/06/2006,16.85
30/06/2006,16.84
03/07/2006,16.86
04/07/2006,16.86
05/07/2006,16.87
06/07/2006,16.87
07/07/2006,16.84
10/07/2006,16.87
11/07/2006,16.92
12/07/2006,16.96
13/07/2006,16.93
14/07/2006,16.87
17/07/2006,16.86
18/07/2006,16.87
19/07/2006,16.78
20/07/2006,16.59
21/07/2006,16.51
24/07/2006,16.53
25/07/2006,16.44
26/07/2006,16.35
27/07/2006,16.30
28/07/2006,16.20
31/07/2006,16.21
01/08/2006,16.24
02/08/2006,16.36
03/08/2006,16.34
04/08/2006,16.36
07/08/2006,16.36
08/08/2006,16.30
09/08/2006,16.69
10/08/2006,16.81
11/08/2006,16.78
14/08/2006,16.91
15/08/2006,16.95
16/08/2006,17.02
17/08/2006,17.03
18/08/2006,17.05
21/08/2006,17.13
22/08/2006,17.24
23/08/2006,17.17
24/08/2006,17.17
25/08/2006,17.15
28/08/2006,17.20
29/08/2006,17.15
30/08/2006,17.21
31/08/2006,17.13
01/09/2006,17.16
04/09/2006,17.17
05/09/2006,17.19
06/09/2006,17.19
08/09/2006,17.28
11/09/2006,17.34
12/09/2006,17.37
13/09/2006,17.62
14/09/2006,17.66
15/09/2006,17.83
18/09/2006,18.17
19/09/2006,18.19
20/09/2006,18.37
21/09/2006,18.43
22/09/2006,18.46
25/09/2006,18.40
26/09/2006,18.47
27/09/2006,18.71
28/09/2006,18.91
29/09/2006,18.93
02/10/2006,19.39
03/10/2006,19.73
04/10/2006,19.85
05/10/2006,19.95
06/10/2006,20.66
09/10/2006,20.96
10/10/2006,21.00
11/10/2006,21.18
13/10/2006,21.40
16/10/2006,21.51
17/10/2006,21.53
18/10/2006,21.52
19/10/2006,21.91
20/10/2006,22.02
23/10/2006,21.61
24/10/2006,21.60
25/10/2006,21.43
26/10/2006,21.49
27/10/2006,21.45
30/10/2006,21.38
31/10/2006,21.34
01/11/2006,21.33
03/11/2006,21.26
06/11/2006,21.58
07/11/2006,22.14
08/11/2006,22.36
09/11/2006,22.64
10/11/2006,22.55
13/11/2006,22.62
14/11/2006,22.56
16/11/2006,22.61
17/11/2006,22.63
20/11/2006,22.95
21/11/2006,23.04
22/11/2006,23.29
23/11/2006,23.58
24/11/2006,23.86
27/11/2006,24.10
28/11/2006,24.34
29/11/2006,24.44
30/11/2006,24.77
01/12/2006,24.87
04/12/2006,24.90
05/12/2006,24.95
06/12/2006,25.05
07/12/2006,25.00
08/12/2006,25.06
11/12/2006,25.12
12/12/2006,25.13
13/12/2006,25.11
14/12/2006,25.22
15/12/2006,25.12
18/12/2006,25.03
19/12/2006,25.01
20/12/2006,24.95
21/12/2006,24.86
22/12/2006,24.78
26/12/2006,24.65
27/12/2006,24.68
28/12/2006,24.74
02/01/2007,24.80
03/01/2007,24.80
04/01/2007,24.91
05/01/2007,25.05
08/01/2007,25.15
09/01/2007,25.32
10/01/2007,25.35
11/01/2007,25.33
12/01/2007,25.43
15/01/2007,25.30
16/01/2007,24.82
17/01/2007,25.01
18/01/2007,25.12
19/01/2007,25.14
22/01/2007,25.17
23/01/2007,25.20
24/01/2007,24.89
25/01/2007,24.86
26/01/2007,24.82
29/01/2007,24.81
30/01/2007,24.67
31/01/2007,24.56
01/02/2007,24.51
02/02/2007,23.94
05/02/2007,23.64
06/02/2007,23.08
07/02/2007,22.71
08/02/2007,22.69
09/02/2007,22.54
12/02/2007,22.30
13/02/2007,21.86
14/02/2007,21.37
15/02/2007,21.39
16/02/2007,21.30
21/02/2007,21.30
22/02/2007,20.87
23/02/2007,20.82
26/02/2007,20.84
27/02/2007,20.69
28/02/2007,20.57
01/03/2007,20.53
02/03/2007,20.36
05/03/2007,20.35
06/03/2007,20.38
07/03/2007,20.41
08/03/2007,20.30
09/03/2007,20.21
12/03/2007,20.14
13/03/2007,20.08
14/03/2007,19.99
15/03/2007,20.14
16/03/2007,20.14
19/03/2007,20.13
20/03/2007,20.13
21/03/2007,20.19
22/03/2007,20.25
23/03/2007,20.29
26/03/2007,20.15
27/03/2007,20.13
28/03/2007,20.01
29/03/2007,20.05
30/03/2007,19.95
02/04/2007,19.80
03/04/2007,19.80
04/04/2007,19.64
05/04/2007,19.56
09/04/2007,19.48
10/04/2007,19.44
11/04/2007,19.30
12/04/2007,19.20
13/04/2007,19.22
16/04/2007,19.17
17/04/2007,19.14
18/04/2007,19.17
19/04/2007,19.02
20/04/2007,19.00
23/04/2007,18.95
24/04/2007,18.92
25/04/2007,18.81
26/04/2007,18.85
27/04/2007,18.92
30/04/2007,18.73
02/05/2007,18.68
03/05/2007,18.72
04/05/2007,18.75
07/05/2007,18.69
08/05/2007,18.70
09/05/2007,18.76
10/05/2007,18.70
11/05/2007,18.62
14/05/2007,18.63
15/05/2007,18.60
16/05/2007,18.70
17/05/2007,18.68
18/05/2007,18.76
21/05/2007,18.85
22/05/2007,18.90
23/05/2007,19.14
24/05/2007,19.22
25/05/2007,19.26
28/05/2007,19.39
29/05/2007,19.51
30/05/2007,19.57
31/05/2007,19.67
01/06/2007,19.67
04/06/2007,19.61
05/06/2007,19.68
06/06/2007,19.70
08/06/2007,19.81
11/06/2007,19.84
12/06/2007,19.81
13/06/2007,19.79
14/06/2007,19.75
15/06/2007,19.86
18/06/2007,19.86
19/06/2007,19.72
20/06/2007,19.60
21/06/2007,19.52
22/06/2007,19.49
25/06/2007,19.38
26/06/2007,19.21
27/06/2007,19.23
28/06/2007,19.07
29/06/2007,19.01
02/07/2007,19.01
03/07/2007,18.92
04/07/2007,18.85
05/07/2007,18.77
06/07/2007,18.74
10/07/2007,18.64
11/07/2007,18.69
12/07/2007,18.72
13/07/2007,18.65
16/07/2007,18.66
17/07/2007,18.74
18/07/2007,18.83
19/07/2007,18.96
20/07/2007,19.02
23/07/2007,19.16
24/07/2007,19.25
25/07/2007,19.26
26/07/2007,19.33
27/07/2007,19.37
30/07/2007,19.39
31/07/2007,19.41
01/08/2007,19.59
02/08/2007,19.79
03/08/2007,20.09
06/08/2007,20.26
07/08/2007,20.53
08/08/2007,20.83
09/08/2007,20.74
10/08/2007,21.03
13/08/2007,21.47
14/08/2007,21.81
15/08/2007,22.14
16/08/2007,22.49
17/08/2007,23.17
20/08/2007,23.24
21/08/2007,23.42
22/08/2007,23.44
23/08/2007,23.35
24/08/2007,23.34
27/08/2007,23.33
28/08/2007,23.51
29/08/2007,23.71
30/08/2007,23.90
31/08/2007,23.88
03/09/2007,24.26
04/09/2007,24.87
05/09/2007,25.45
06/09/2007,25.86
10/09/2007,26.44
11/09/2007,26.73
12/09/2007,26.84
13/09/2007,27.20
14/09/2007,27.49
17/09/2007,27.56
18/09/2007,27.63
19/09/2007,27.53
20/09/2007,27.79
21/09/2007,27.67
24/09/2007,28.16
25/09/2007,28.04
26/09/2007,27.71
27/09/2007,27.58
28/09/2007,27.32
01/10/2007,27.10
02/10/2007,26.97
03/10/2007,26.91
04/10/2007,26.78
05/10/2007,26.80
08/10/2007,26.72
09/10/2007,26.75
10/10/2007,26.52
11/10/2007,26.56
15/10/2007,26.69
16/10/2007,26.82
17/10/2007,26.88
18/10/2007,27.16
19/10/2007,27.22
22/10/2007,27.33
23/10/2007,27.79
24/10/2007,28.04
25/10/2007,28.25
26/10/2007,28.17
29/10/2007,28.50
30/10/2007,28.89
31/10/2007,29.13
01/11/2007,29.36
05/11/2007,29.39
06/11/2007,29.99
07/11/2007,30.37
08/11/2007,30.71
09/11/2007,30.68
12/11/2007,30.87
13/11/2007,31.03
14/11/2007,31.08
16/11/2007,31.16
19/11/2007,31.69
20/11/2007,31.67
21/11/2007,32.08
22/11/2007,32.42
23/11/2007,32.75
26/11/2007,32.92
27/11/2007,33.82
28/11/2007,33.90
29/11/2007,33.96
30/11/2007,34.51
03/12/2007,34.47
04/12/2007,34.52
05/12/2007,34.58
06/12/2007,34.62
07/12/2007,34.55
10/12/2007,34.54
11/12/2007,34.46
12/12/2007,34.33
13/12/2007,33.93
14/12/2007,33.76
17/12/2007,33.61
18/12/2007,33.32
19/12/2007,33.26
20/12/2007,33.16
21/12/2007,33.03
26/12/2007,32.74
27/12/2007,32.70
28/12/2007,32.73
02/01/2008,32.78
03/01/2008,32.92
04/01/2008,32.95
07/01/2008,33.08
08/01/2008,32.77
09/01/2008,32.78
10/01/2008,32.63
11/01/2008,32.53
14/01/2008,32.19
15/01/2008,31.94
16/01/2008,31.76
17/01/2008,30.74
18/01/2008,30.32
21/01/2008,29.90
22/01/2008,29.58
23/01/2008,29.25
24/01/2008,28.94
25/01/2008,28.82
28/01/2008,28.81
29/01/2008,28.74
30/01/2008,28.54
31/01/2008,28.41
01/02/2008,28.26
06/02/2008,28.04
07/02/2008,27.69
08/02/2008,27.62
11/02/2008,27.56
12/02/2008,27.57
13/02/2008,27.66
14/02/2008,27.67
15/02/2008,27.62
18/02/2008,27.60
19/02/2008,27.69
20/02/2008,27.72
21/02/2008,27.77
22/02/2008,27.74
25/02/2008,27.64
26/02/2008,27.69
27/02/2008,28.00
28/02/2008,28.11
29/02/2008,28.43
03/03/2008,28.40
04/03/2008,28.74
05/03/2008,28.52
06/03/2008,28.28
07/03/2008,27.58
10/03/2008,27.67
11/03/2008,27.42
12/03/2008,27.04
13/03/2008,27.04
14/03/2008,27.04
17/03/2008,27.37
18/03/2008,27.17
19/03/2008,27.11
20/03/2008,26.89
24/03/2008,26.65
25/03/2008,26.28
26/03/2008,26.26
27/03/2008,26.18
28/03/2008,26.09
31/03/2008,26.07
01/04/2008,25.86
02/04/2008,25.72
03/04/2008,25.58
04/04/2008,25.59
07/04/2008,25.61
08/04/2008,25.70
09/04/2008,25.98
10/04/2008,25.99
11/04/2008,26.21
14/04/2008,26.47
15/04/2008,26.95
16/04/2008,27.01
17/04/2008,27.31
18/04/2008,27.35
22/04/2008,27.34
23/04/2008,27.28
24/04/2008,27.24
25/04/2008,27.41
28/04/2008,27.50
29/04/2008,27.52
30/04/2008,27.39
02/05/2008,27.66
05/05/2008,27.74
06/05/2008,28.06
07/05/2008,28.17
08/05/2008,28.21
09/05/2008,28.26
12/05/2008,28.37
13/05/2008,28.36
14/05/2008,28.12
15/05/2008,27.89
16/05/2008,27.84
19/05/2008,27.69
20/05/2008,27.31
21/05/2008,27.11
23/05/2008,27.04
26/05/2008,26.63
27/05/2008,26.41
28/05/2008,26.27
29/05/2008,25.76
30/05/2008,25.78
02/06/2008,25.62
03/06/2008,25.62
04/06/2008,25.58
05/06/2008,25.52
06/06/2008,25.18
09/06/2008,25.11
10/06/2008,24.96
11/06/2008,25.15
12/06/2008,25.54
13/06/2008,25.85
16/06/2008,26.31
17/06/2008,27.02
18/06/2008,27.43
19/06/2008,28.18
20/06/2008,28.46
23/06/2008,28.62
24/06/2008,28.70
25/06/2008,28.79
26/06/2008,28.85
27/06/2008,29.01
30/06/2008,29.00
01/07/2008,29.07
02/07/2008,29.17
03/07/2008,29.19
04/07/2008,29.17
07/07/2008,29.03
08/07/2008,29.03
10/07/2008,28.68
11/07/2008,28.67
14/07/2008,28.32
15/07/2008,28.20
16/07/2008,28.20
17/07/2008,28.04
18/07/2008,27.77
21/07/2008,27.60
22/07/2008,27.18
23/07/2008,26.89
24/07/2008,26.78
25/07/2008,26.32
28/07/2008,26.02
29/07/2008,25.93
30/07/2008,25.75
31/07/2008,25.67
01/08/2008,25.53
04/08/2008,25.48
05/08/2008,25.34
06/08/2008,25.16
07/08/2008,25.00
08/08/2008,24.76
11/08/2008,24.70
12/08/2008,24.53
13/08/2008,24.44
14/08/2008,24.26
15/08/2008,24.05
18/08/2008,24.06
19/08/2008,23.96
20/08/2008,24.15
21/08/2008,24.18
22/08/2008,24.20
25/08/2008,24.21
26/08/2008,24.29
27/08/2008,24.51
28/08/2008,24.52
29/08/2008,24.53
01/09/2008,24.58
02/09/2008,24.41
03/09/2008,24.32
04/09/2008,24.31
05/09/2008,24.29
08/09/2008,24.30
09/09/2008,24.16
10/09/2008,24.10
11/09/2008,24.12
12/09/2008,23.79
15/09/2008,23.96
16/09/2008,23.87
17/09/2008,23.56
18/09/2008,23.40
19/09/2008,23.47
22/09/2008,23.31
23/09/2008,23.37
24/09/2008,23.27
25/09/2008,23.17
26/09/2008,23.24
29/09/2008,23.17
30/09/2008,22.99
01/10/2008,23.01
02/10/2008,22.95
03/10/2008,22.93
06/10/2008,22.86
07/10/2008,22.81
08/10/2008,22.70
09/10/2008,22.60
10/10/2008,22.50
13/10/2008,22.29
14/10/2008,22.35
15/10/2008,22.42
16/10/2008,22.41
17/10/2008,22.47
20/10/2008,22.39
21/10/2008,22.35
22/10/2008,22.21
23/10/2008,22.11
24/10/2008,22.10
27/10/2008,21.98
28/10/2008,21.73
29/10/2008,21.54
30/10/2008,21.37
31/10/2008,21.36
03/11/2008,21.07
04/11/2008,21.01
05/11/2008,20.92
06/11/2008,20.84
07/11/2008,20.80
10/11/2008,20.70
11/11/2008,20.57
12/11/2008,20.59
13/11/2008,20.48
14/11/2008,20.40
17/11/2008,20.34
18/11/2008,20.29
19/11/2008,20.30
20/11/2008,20.33
21/11/2008,20.39
24/11/2008,20.34
25/11/2008,20.20
26/11/2008,20.14
27/11/2008,20.19
28/11/2008,20.22
01/12/2008,20.26
02/12/2008,20.33
03/12/2008,20.37
04/12/2008,20.40
05/12/2008,20.41
08/12/2008,20.46
09/12/2008,20.58
10/12/2008,20.63
11/12/2008,20.60
12/12/2008,20.76
15/12/2008,20.79
16/12/2008,20.76
17/12/2008,20.81
18/12/2008,20.93
19/12/2008,21.05
22/12/2008,21.08
23/12/2008,21.08
26/12/2008,21.08
29/12/2008,21.31
30/12/2008,21.29
02/01/2009,21.29
05/01/2009,21.49
06/01/2009,22.83
07/01/2009,23.58
08/01/2009,24.11
09/01/2009,24.26
12/01/2009,24.29
13/01/2009,24.32
14/01/2009,24.24
15/01/2009,23.92
16/01/2009,23.89
19/01/2009,24.02
20/01/2009,23.91
21/01/2009,23.82
22/01/2009,24.00
23/01/2009,24.16
26/01/2009,24.02
27/01/2009,23.97
28/01/2009,23.71
29/01/2009,23.73
30/01/2009,23.46
02/02/2009,23.38
03/02/2009,23.39
04/02/2009,23.42
05/02/2009,23.07
06/02/2009,22.94
09/02/2009,22.83
10/02/2009,22.58
11/02/2009,22.38
12/02/2009,22.23
13/02/2009,22.20
16/02/2009,22.12
17/02/2009,21.96
18/02/2009,21.51
19/02/2009,21.56
20/02/2009,21.34
25/02/2009,21.19
26/02/2009,21.32
27/02/2009,21.23
02/03/2009,20.92
03/03/2009,20.88
04/03/2009,20.73
05/03/2009,20.62
06/03/2009,20.60
09/03/2009,20.55
10/03/2009,20.59
11/03/2009,20.43
12/03/2009,20.35
13/03/2009,20.38
16/03/2009,20.58
17/03/2009,20.49
18/03/2009,20.62
19/03/2009,20.44
20/03/2009,20.40
23/03/2009,20.42
24/03/2009,20.50
25/03/2009,20.67
26/03/2009,20.77
27/03/2009,20.79
30/03/2009,20.82
31/03/2009,20.99
01/04/2009,21.01
02/04/2009,21.03
03/04/2009,21.01
06/04/2009,21.01
07/04/2009,21.04
08/04/2009,21.09
09/04/2009,21.12
13/04/2009,20.96
14/04/2009,20.97
15/04/2009,21.03
16/04/2009,21.10
17/04/2009,21.18
20/04/2009,21.24
22/04/2009,21.27
23/04/2009,21.52
24/04/2009,21.68
27/04/2009,21.71
28/04/2009,21.85
29/04/2009,21.96
30/04/2009,22.04
04/05/2009,22.14
05/05/2009,22.24
06/05/2009,22.30
07/05/2009,22.42
08/05/2009,22.44
11/05/2009,22.37
12/05/2009,22.27
13/05/2009,22.24
14/05/2009,22.17
15/05/2009,22.10
18/05/2009,22.09
19/05/2009,22.14
20/05/2009,22.23
21/05/2009,22.28
22/05/2009,22.22
25/05/2009,22.26
26/05/2009,22.29
27/05/2009,22.30
28/05/2009,22.31
29/05/2009,22.26
01/06/2009,22.25
02/06/2009,22.23
03/06/2009,22.27
04/06/2009,22.33
05/06/2009,22.44
08/06/2009,22.49
09/06/2009,22.53
10/06/2009,22.57
12/06/2009,22.59
15/06/2009,22.45
16/06/2009,22.44
17/06/2009,22.43
18/06/2009,22.39
19/06/2009,22.36
22/06/2009,22.15
23/06/2009,22.07
24/06/2009,21.94
25/06/2009,21.92
26/06/2009,21.88
29/06/2009,21.73
30/06/2009,21.66
01/07/2009,21.56
02/07/2009,21.46
03/07/2009,21.46
06/07/2009,21.37
07/07/2009,21.26
08/07/2009,21.04
10/07/2009,20.74
13/07/2009,20.64
14/07/2009,20.46
15/07/2009,20.42
16/07/2009,20.39
17/07/2009,20.32
20/07/2009,20.32
21/07/2009,20.27
22/07/2009,20.20
23/07/2009,20.19
24/07/2009,20.12
27/07/2009,20.08
28/07/2009,20.03
29/07/2009,20.02
30/07/2009,19.91
31/07/2009,19.82
03/08/2009,19.67
04/08/2009,19.67
05/08/2009,19.50
06/08/2009,19.51
07/08/2009,19.57
10/08/2009,19.57
11/08/2009,19.40
12/08/2009,19.51
13/08/2009,19.43
14/08/2009,19.34
17/08/2009,19.38
18/08/2009,19.27
19/08/2009,19.29
20/08/2009,19.40
21/08/2009,19.37
24/08/2009,19.32
25/08/2009,19.32
26/08/2009,19.29
27/08/2009,19.30
28/08/2009,19.32
31/08/2009,19.29
01/09/2009,19.27
02/09/2009,19.19
03/09/2009,19.17
04/09/2009,19.13
08/09/2009,19.10
09/09/2009,19.08
10/09/2009,19.11
11/09/2009,18.95
14/09/2009,19.00
15/09/2009,18.92
16/09/2009,18.97
17/09/2009,18.79
18/09/2009,18.90
21/09/2009,19.00
22/09/2009,19.05
23/09/2009,19.23
24/09/2009,19.19
25/09/2009,19.27
28/09/2009,19.39
29/09/2009,19.43
30/09/2009,19.48
01/10/2009,19.64
02/10/2009,19.69
05/10/2009,19.95
06/10/2009,20.15
07/10/2009,20.20
08/10/2009,20.69
09/10/2009,20.73
13/10/2009,20.76
14/10/2009,20.78
15/10/2009,20.70
16/10/2009,20.78
19/10/2009,20.73
20/10/2009,20.79
21/10/2009,20.73
22/10/2009,20.75
23/10/2009,20.81
26/10/2009,20.88
27/10/2009,20.91
28/10/2009,20.97
29/10/2009,21.02
30/10/2009,21.02
03/11/2009,20.95
04/11/2009,20.85
05/11/2009,20.66
06/11/2009,20.70
09/11/2009,20.82
10/11/2009,20.67
11/11/2009,20.71
12/11/2009,20.56
13/11/2009,20.60
16/11/2009,20.61
17/11/2009,20.55
18/11/2009,20.41
19/11/2009,20.25
20/11/2009,20.19
23/11/2009,20.21
24/11/2009,20.00
25/11/2009,19.93
26/11/2009,19.86
27/11/2009,19.91
30/11/2009,19.80
01/12/2009,19.74
02/12/2009,19.80
03/12/2009,19.54
04/12/2009,19.70
07/12/2009,19.69
08/12/2009,19.66
09/12/2009,19.66
10/12/2009,19.99
11/12/2009,20.02
14/12/2009,19.94
15/12/2009,19.91
16/12/2009,20.24
17/12/2009,20.34
18/12/2009,20.42
21/12/2009,20.39
22/12/2009,20.25
23/12/2009,20.40
28/12/2009,20.29
29/12/2009,20.26
30/12/2009,20.14
04/01/2010,20.39
05/01/2010,20.40
06/01/2010,20.25
07/01/2010,20.28
08/01/2010,20.18
11/01/2010,20.19
12/01/2010,19.89
13/01/2010,19.54
14/01/2010,19.69
15/01/2010,19.67
18/01/2010,19.62
19/01/2010,19.50
20/01/2010,19.40
21/01/2010,19.27
22/01/2010,19.29
25/01/2010,19.06
26/01/2010,19.15
27/01/2010,19.20
28/01/2010,19.18
29/01/2010,19.10
01/02/2010,19.08
02/02/2010,18.97
03/02/2010,18.95
04/02/2010,18.77
05/02/2010,18.63
08/02/2010,18.62
09/02/2010,18.41
10/02/2010,18.05
11/02/2010,18.12
12/02/2010,18.03
17/02/2010,18.07
18/02/2010,18.02
19/02/2010,18.10
22/02/2010,18.00
23/02/2010,18.09
24/02/2010,18.05
25/02/2010,18.10
26/02/2010,18.18
01/03/2010,18.14
02/03/2010,18.11
03/03/2010,18.38
04/03/2010,18.44
05/03/2010,18.47
08/03/2010,18.45
09/03/2010,18.54
10/03/2010,18.58
11/03/2010,18.68
12/03/2010,18.66
15/03/2010,18.69
16/03/2010,18.65
17/03/2010,18.64
18/03/2010,18.59
19/03/2010,18.50
22/03/2010,18.63
23/03/2010,18.56
24/03/2010,18.58
25/03/2010,18.26
26/03/2010,18.52
29/03/2010,18.20
30/03/2010,18.26
31/03/2010,18.23
01/04/2010,18.31
05/04/2010,18.23
06/04/2010,18.28
07/04/2010,18.18
08/04/2010,18.27
09/04/2010,18.25
12/04/2010,18.32
13/04/2010,18.27
14/04/2010,18.20
15/04/2010,18.18
16/04/2010,18.14
19/04/2010,18.05
20/04/2010,18.08
22/04/2010,18.16
23/04/2010,18.05
26/04/2010,18.06
27/04/2010,18.04
28/04/2010,18.01
29/04/2010,18.01
30/04/2010,18.04
03/05/2010,17.97
04/05/2010,18.12
05/05/2010,18.11
06/05/2010,18.19
07/05/2010,18.22
10/05/2010,18.49
11/05/2010,18.61
12/05/2010,18.40
13/05/2010,18.50
14/05/2010,18.63
17/05/2010,18.75
18/05/2010,18.66
19/05/2010,18.75
20/05/2010,18.81
21/05/2010,18.92
24/05/2010,19.02
25/05/2010,18.92
26/05/2010,19.18
27/05/2010,19.25
28/05/2010,19.22
31/05/2010,19.38
01/06/2010,19.45
02/06/2010,19.70
04/06/2010,19.76
07/06/2010,19.96
08/06/2010,19.98
09/06/2010,19.94
10/06/2010,19.82
11/06/2010,19.79
14/06/2010,19.89
15/06/2010,19.73
16/06/2010,19.55
17/06/2010,19.41
18/06/2010,19.45
21/06/2010,19.36
22/06/2010,19.21
23/06/2010,18.94
24/06/2010,18.79
25/06/2010,18.80
28/06/2010,18.90
29/06/2010,18.77
30/06/2010,18.74
01/07/2010,18.61
02/07/2010,18.57
05/07/2010,18.55
06/07/2010,18.60
07/07/2010,18.45
08/07/2010,18.23
12/07/2010,18.19
13/07/2010,18.18
14/07/2010,18.41
15/07/2010,18.34
16/07/2010,18.77
19/07/2010,18.98
20/07/2010,19.11
21/07/2010,19.11
22/07/2010,19.14
23/07/2010,19.27
26/07/2010,19.36
27/07/2010,19.43
28/07/2010,19.34
29/07/2010,19.37
30/07/2010,19.57
02/08/2010,19.43
03/08/2010,19.60
04/08/2010,19.71
05/08/2010,19.73
06/08/2010,19.86
09/08/2010,20.13
10/08/2010,20.04
11/08/2010,20.24
12/08/2010,20.16
13/08/2010,20.13
16/08/2010,20.27
17/08/2010,20.52
18/08/2010,20.52
19/08/2010,20.84
20/08/2010,20.60
23/08/2010,20.85
24/08/2010,20.90
25/08/2010,21.41
26/08/2010,21.61
27/08/2010,21.80
30/08/2010,21.82
31/08/2010,22.13
01/09/2010,22.33
02/09/2010,22.41
03/09/2010,22.79
06/09/2010,23.02
08/09/2010,23.02
09/09/2010,23.59
10/09/2010,23.72
13/09/2010,23.80
14/09/2010,24.01
15/09/2010,24.25
16/09/2010,24.25
17/09/2010,25.12
20/09/2010,25.13
21/09/2010,26.11
22/09/2010,25.89
23/09/2010,25.25
24/09/2010,26.04
27/09/2010,25.82
28/09/2010,25.66
29/09/2010,24.86
30/09/2010,24.48
01/10/2010,24.29
04/10/2010,23.96
05/10/2010,23.99
06/10/2010,23.96
07/10/2010,23.90
08/10/2010,24.16
11/10/2010,24.15
13/10/2010,25.14
14/10/2010,25.44
15/10/2010,25.33
18/10/2010,25.30
19/10/2010,25.53
20/10/2010,25.40
21/10/2010,25.63
22/10/2010,25.73
25/10/2010,25.75
26/10/2010,26.02
27/10/2010,26.09
28/10/2010,26.52
29/10/2010,26.76
01/11/2010,26.64
03/11/2010,26.89
04/11/2010,27.13
05/11/2010,26.97
08/11/2010,27.30
09/11/2010,27.66
10/11/2010,28.26
11/11/2010,28.67
12/11/2010,28.86
16/11/2010,28.72
17/11/2010,28.81
18/11/2010,28.91
19/11/2010,28.85
22/11/2010,28.59
23/11/2010,29.09
24/11/2010,29.06
25/11/2010,28.94
26/11/2010,28.88
29/11/2010,28.86
30/11/2010,28.62
01/12/2010,28.78
02/12/2010,28.72
03/12/2010,28.56
06/12/2010,28.49
07/12/2010,28.34
08/12/2010,28.34
09/12/2010,28.33
10/12/2010,28.36
13/12/2010,28.35
14/12/2010,28.20
15/12/2010,28.30
16/12/2010,28.17
17/12/2010,28.39
20/12/2010,28.51
21/12/2010,28.18
22/12/2010,28.12
23/12/2010,28.18
27/12/2010,28.33
28/12/2010,28.31
29/12/2010,28.39
30/12/2010,28.28
03/01/2011,28.23
04/01/2011,28.33
05/01/2011,28.51
06/01/2011,28.71
07/01/2011,28.97
10/01/2011,29.26
11/01/2011,29.39
12/01/2011,29.39
13/01/2011,29.91
14/01/2011,30.12
17/01/2011,30.25
18/01/2011,30.68
19/01/2011,31.23
20/01/2011,31.36
21/01/2011,31.54
24/01/2011,31.38
25/01/2011,31.67
26/01/2011,32.05
27/01/2011,32.15
28/01/2011,32.10
31/01/2011,32.11
01/02/2011,32.24
02/02/2011,32.25
03/02/2011,32.16
04/02/2011,32.12
07/02/2011,31.93
08/02/2011,31.89
09/02/2011,31.96
10/02/2011,31.90
11/02/2011,31.91
14/02/2011,32.01
15/02/2011,31.73
16/02/2011,31.75
17/02/2011,31.45
18/02/2011,31.14
21/02/2011,31.31
22/02/2011,31.27
23/02/2011,31.32
24/02/2011,31.19
25/02/2011,31.03
28/02/2011,31.02
01/03/2011,31.22
02/03/2011,30.96
03/03/2011,31.27
04/03/2011,31.30
09/03/2011,31.39
10/03/2011,31.22
11/03/2011,31.37
14/03/2011,31.39
15/03/2011,31.75
16/03/2011,31.88
17/03/2011,31.72
18/03/2011,31.85
21/03/2011,31.86
22/03/2011,31.76
23/03/2011,31.75
24/03/2011,31.66
25/03/2011,31.51
28/03/2011,31.52
29/03/2011,30.98
30/03/2011,30.91
31/03/2011,30.88
01/04/2011,30.78
04/04/2011,30.80
05/04/2011,30.53
06/04/2011,30.15
07/04/2011,30.24
08/04/2011,30.38
11/04/2011,30.44
12/04/2011,30.36
13/04/2011,30.15
14/04/2011,30.15
15/04/2011,30.10
18/04/2011,29.95
19/04/2011,29.49
20/04/2011,29.25
25/04/2011,29.51
26/04/2011,29.44
27/04/2011,28.84
28/04/2011,29.00
29/04/2011,29.27
02/05/2011,28.61
03/05/2011,28.62
04/05/2011,28.38
05/05/2011,28.44
06/05/2011,28.20
09/05/2011,28.19
10/05/2011,28.28
11/05/2011,28.16
12/05/2011,28.06
13/05/2011,28.14
16/05/2011,28.42
17/05/2011,28.66
18/05/2011,28.45
19/05/2011,28.61
20/05/2011,28.51
23/05/2011,28.88
24/05/2011,29.19
25/05/2011,29.27
26/05/2011,29.22
27/05/2011,29.57
30/05/2011,29.51
31/05/2011,29.80
01/06/2011,29.89
02/06/2011,30.25
03/06/2011,30.30
06/06/2011,30.65
07/06/2011,30.87
08/06/2011,31.02
09/06/2011,31.24
10/06/2011,31.33
13/06/2011,31.19
14/06/2011,31.22
15/06/2011,31.37
16/06/2011,31.20
17/06/2011,31.21
20/06/2011,31.01
21/06/2011,30.72
22/06/2011,30.43
24/06/2011,30.55
27/06/2011,30.23
28/06/2011,30.02
29/06/2011,30.33
30/06/2011,30.64
01/07/2011,31.08
04/07/2011,30.73
05/07/2011,30.92
06/07/2011,30.98
07/07/2011,30.86
08/07/2011,30.67
11/07/2011,30.30
12/07/2011,30.31
13/07/2011,30.23
14/07/2011,29.85
15/07/2011,29.97
18/07/2011,29.86
19/07/2011,29.71
20/07/2011,30.08
21/07/2011,30.13
22/07/2011,30.30
25/07/2011,30.14
26/07/2011,30.06
27/07/2011,30.13
28/07/2011,30.00
29/07/2011,30.17
01/08/2011,29.92
02/08/2011,30.00
03/08/2011,30.23
04/08/2011,30.14
05/08/2011,30.11
08/08/2011,30.18
09/08/2011,30.20
10/08/2011,30.13
11/08/2011,30.00
12/08/2011,29.88
15/08/2011,30.05
16/08/2011,30.11
17/08/2011,30.30
18/08/2011,30.06
19/08/2011,30.01
22/08/2011,30.02
23/08/2011,30.04
24/08/2011,30.10
25/08/2011,30.34
26/08/2011,30.55
29/08/2011,30.48
30/08/2011,30.75
31/08/2011,31.01
01/09/2011,31.17
02/09/2011,31.25
05/09/2011,31.33
06/09/2011,31.54
08/09/2011,31.61
09/09/2011,31.67
12/09/2011,31.72
13/09/2011,31.54
14/09/2011,31.83
15/09/2011,31.95
16/09/2011,32.35
19/09/2011,32.13
20/09/2011,32.40
21/09/2011,32.24
22/09/2011,32.47
23/09/2011,32.27
26/09/2011,32.36
27/09/2011,32.40
28/09/2011,32.33
29/09/2011,31.99
30/09/2011,31.75
03/10/2011,31.74
04/10/2011,31.62
05/10/2011,31.51
06/10/2011,31.04
07/10/2011,31.37
10/10/2011,31.41
11/10/2011,31.25
13/10/2011,30.97
14/10/2011,30.78
17/10/2011,29.97
18/10/2011,29.92
19/10/2011,29.89
20/10/2011,29.64
21/10/2011,29.89
24/10/2011,30.12
25/10/2011,30.52
26/10/2011,30.76
27/10/2011,30.76
28/10/2011,30.74
31/10/2011,31.08
01/11/2011,30.79
03/11/2011,30.75
04/11/2011,31.06
07/11/2011,31.09
08/11/2011,31.27
09/11/2011,31.18
10/11/2011,31.12
11/11/2011,30.85
14/11/2011,30.87
16/11/2011,30.68
17/11/2011,30.17
18/11/2011,29.99
21/11/2011,29.78
22/11/2011,29.00
23/11/2011,28.77
24/11/2011,28.04
25/11/2011,27.40
28/11/2011,27.27
29/11/2011,28.23
30/11/2011,27.91
01/12/2011,27.83
02/12/2011,27.45
05/12/2011,27.27
06/12/2011,27.61
07/12/2011,27.62
08/12/2011,27.26
09/12/2011,27.07
12/12/2011,27.04
13/12/2011,27.14
14/12/2011,27.66
15/12/2011,27.78
16/12/2011,28.04
19/12/2011,28.43
20/12/2011,28.52
21/12/2011,28.80
22/12/2011,29.12
23/12/2011,29.12
26/12/2011,28.87
27/12/2011,29.69
28/12/2011,29.69
29/12/2011,29.87
02/01/2012,29.87
03/01/2012,30.32
04/01/2012,30.64
05/01/2012,30.95
06/01/2012,30.93
09/01/2012,30.93
10/01/2012,31.15
11/01/2012,31.36
12/01/2012,31.49
13/01/2012,31.53
16/01/2012,31.43
17/01/2012,31.31
18/01/2012,31.19
19/01/2012,31.21
20/01/2012,31.39
23/01/2012,31.21
24/01/2012,31.37
25/01/2012,31.43
26/01/2012,31.21
27/01/2012,31.09
30/01/2012,31.16
31/01/2012,30.53
01/02/2012,29.67
02/02/2012,29.17
03/02/2012,28.74
06/02/2012,28.69
07/02/2012,28.39
08/02/2012,28.37
09/02/2012,28.01
10/02/2012,28.12
13/02/2012,28.19
14/02/2012,28.13
15/02/2012,27.93
16/02/2012,27.70
17/02/2012,28.05
22/02/2012,28.01
23/02/2012,28.09
24/02/2012,28.34
27/02/2012,28.50
28/02/2012,28.70
29/02/2012,28.76
01/03/2012,28.92
02/03/2012,29.04
05/03/2012,29.19
06/03/2012,29.36
07/03/2012,29.47
08/03/2012,29.55
09/03/2012,29.57
12/03/2012,29.56
13/03/2012,29.44
14/03/2012,29.49
15/03/2012,29.41
16/03/2012,29.55
19/03/2012,29.31
20/03/2012,29.19
21/03/2012,28.79
22/03/2012,28.69
23/03/2012,28.55
26/03/2012,28.49
27/03/2012,28.16
28/03/2012,27.17
29/03/2012,27.43
30/03/2012,27.16
02/04/2012,27.10
03/04/2012,26.96
04/04/2012,26.81
05/04/2012,27.03
09/04/2012,27.00
10/04/2012,26.74
11/04/2012,26.79
12/04/2012,26.36
13/04/2012,26.26
16/04/2012,25.76
17/04/2012,25.68
18/04/2012,25.34
19/04/2012,25.15
20/04/2012,25.07
23/04/2012,25.27
24/04/2012,24.91
25/04/2012,24.74
26/04/2012,24.47
27/04/2012,24.71
30/04/2012,24.39
02/05/2012,24.57
03/05/2012,24.52
04/05/2012,24.50
07/05/2012,24.68
08/05/2012,24.74
09/05/2012,24.73
10/05/2012,24.68
11/05/2012,24.89
14/05/2012,24.97
15/05/2012,25.12
16/05/2012,25.15
17/05/2012,25.12
18/05/2012,25.03
21/05/2012,25.08
22/05/2012,25.18
23/05/2012,25.26
24/05/2012,25.18
25/05/2012,25.11
28/05/2012,25.01
29/05/2012,25.01
30/05/2012,24.95
31/05/2012,24.62
01/06/2012,24.57
04/06/2012,24.46
05/06/2012,24.57
06/06/2012,24.69
08/06/2012,24.75
11/06/2012,24.40
12/06/2012,24.17
13/06/2012,24.17
14/06/2012,24.19
15/06/2012,23.84
18/06/2012,23.80
19/06/2012,23.71
20/06/2012,23.92
21/06/2012,23.92
22/06/2012,23.86
25/06/2012,23.87
26/06/2012,23.88
27/06/2012,23.80
28/06/2012,23.93
29/06/2012,24.07
02/07/2012,24.15
03/07/2012,24.34
04/07/2012,24.64
05/07/2012,24.52
06/07/2012,24.51
10/07/2012,25.59
11/07/2012,25.40
12/07/2012,27.33
13/07/2012,29.10
16/07/2012,28.75
17/07/2012,30.18
18/07/2012,29.80
19/07/2012,30.32
20/07/2012,31.18
23/07/2012,31.96
24/07/2012,32.70
25/07/2012,32.96
26/07/2012,32.84
27/07/2012,32.81
30/07/2012,32.87
31/07/2012,33.18
01/08/2012,33.44
02/08/2012,33.50
03/08/2012,33.58
06/08/2012,33.42
07/08/2012,33.49
08/08/2012,33.62
09/08/2012,33.44
10/08/2012,33.35
13/08/2012,33.61
14/08/2012,33.60
15/08/2012,33.19
16/08/2012,33.09
17/08/2012,33.10
20/08/2012,32.92
21/08/2012,32.97
22/08/2012,32.75
23/08/2012,33.03
24/08/2012,33.10
27/08/2012,33.18
28/08/2012,32.96
29/08/2012,33.13
30/08/2012,33.14
31/08/2012,33.03
03/09/2012,33.04
04/09/2012,32.92
05/09/2012,32.91
06/09/2012,32.96
10/09/2012,32.93
11/09/2012,33.36
12/09/2012,32.95
13/09/2012,32.57
14/09/2012,32.29
17/09/2012,32.34
18/09/2012,32.22
19/09/2012,32.10
20/09/2012,32.06
21/09/2012,31.81
24/09/2012,31.63
25/09/2012,31.31
26/09/2012,31.10
27/09/2012,30.95
28/09/2012,30.90
01/10/2012,31.03
02/10/2012,30.80
03/10/2012,30.54
04/10/2012,30.82
05/10/2012,30.78
08/10/2012,30.71
09/10/2012,30.70
10/10/2012,31.01
11/10/2012,31.06
15/10/2012,31.22
16/10/2012,30.83
17/10/2012,31.10
18/10/2012,31.26
19/10/2012,31.22
22/10/2012,31.32
23/10/2012,31.55
24/10/2012,31.92
25/10/2012,32.12
26/10/2012,32.31
29/10/2012,32.32
30/10/2012,32.55
31/10/2012,32.59
01/11/2012,33.05
05/11/2012,33.08
06/11/2012,33.32
07/11/2012,33.39
08/11/2012,33.53
09/11/2012,33.58
12/11/2012,33.61
13/11/2012,33.89
14/11/2012,34.05
16/11/2012,33.97
19/11/2012,34.10
20/11/2012,34.09
21/11/2012,34.17
22/11/2012,34.21
23/11/2012,34.26
26/11/2012,34.42
27/11/2012,34.55
28/11/2012,35.42
29/11/2012,35.43
30/11/2012,35.67
03/12/2012,35.87
04/12/2012,35.90
05/12/2012,35.53
06/12/2012,35.51
07/12/2012,35.24
10/12/2012,35.20
11/12/2012,35.15
12/12/2012,34.76
13/12/2012,34.73
14/12/2012,34.74
17/12/2012,34.81
18/12/2012,34.84
19/12/2012,34.78
20/12/2012,34.59
21/12/2012,34.50
26/12/2012,34.43
27/12/2012,34.42
28/12/2012,34.30
02/01/2013,34.12
03/01/2013,33.88
04/01/2013,33.70
07/01/2013,33.54
08/01/2013,33.38
09/01/2013,33.16
10/01/2013,32.94
11/01/2013,32.68
14/01/2013,32.68
15/01/2013,32.45
16/01/2013,32.42
17/01/2013,32.58
18/01/2013,32.60
21/01/2013,32.37
22/01/2013,32.86
23/01/2013,32.73
24/01/2013,32.50
25/01/2013,32.19
28/01/2013,32.03
29/01/2013,31.97
30/01/2013,31.90
31/01/2013,31.91
01/02/2013,31.91
04/02/2013,31.84
05/02/2013,32.10
06/02/2013,32.27
07/02/2013,32.53
08/02/2013,32.61
13/02/2013,32.87
14/02/2013,32.80
15/02/2013,32.34
18/02/2013,32.30
19/02/2013,32.13
20/02/2013,32.01
21/02/2013,32.25
22/02/2013,32.34
25/02/2013,32.45
26/02/2013,32.51
27/02/2013,32.53
28/02/2013,32.38
01/03/2013,32.23
04/03/2013,32.35
05/03/2013,32.19
06/03/2013,32.07
07/03/2013,31.85
08/03/2013,31.69
11/03/2013,31.67
12/03/2013,31.21
13/03/2013,31.13
14/03/2013,30.69
15/03/2013,30.69
18/03/2013,30.37
19/03/2013,30.16
20/03/2013,29.89
21/03/2013,29.74
22/03/2013,29.50
25/03/2013,29.46
26/03/2013,29.26
27/03/2013,29.07
28/03/2013,29.07
01/04/2013,28.46
02/04/2013,28.22
03/04/2013,28.07
04/04/2013,27.60
05/04/2013,27.59
08/04/2013,27.78
09/04/2013,27.28
10/04/2013,27.01
11/04/2013,26.80
12/04/2013,26.71
15/04/2013,26.48
16/04/2013,26.15
17/04/2013,25.80
18/04/2013,25.67
19/04/2013,25.73
22/04/2013,25.51
23/04/2013,25.11
24/04/2013,25.22
25/04/2013,25.14
26/04/2013,24.91
29/04/2013,24.79
30/04/2013,24.91
02/05/2013,25.10
03/05/2013,25.28
06/05/2013,25.28
07/05/2013,25.49
08/05/2013,25.50
09/05/2013,25.52
10/05/2013,25.65
13/05/2013,25.72
14/05/2013,25.86
15/05/2013,26.14
16/05/2013,26.16
17/05/2013,26.33
20/05/2013,26.29
21/05/2013,26.50
22/05/2013,26.20
23/05/2013,26.45
24/05/2013,26.53
27/05/2013,26.44
28/05/2013,26.50
29/05/2013,26.74
31/05/2013,26.65
03/06/2013,27.19
04/06/2013,27.31
05/06/2013,27.40
06/06/2013,27.24
07/06/2013,27.26
10/06/2013,27.01
11/06/2013,26.51
12/06/2013,26.43
13/06/2013,26.33
14/06/2013,26.31
17/06/2013,26.15
18/06/2013,26.00
19/06/2013,25.82
20/06/2013,25.73
21/06/2013,25.82
24/06/2013,25.93
25/06/2013,26.23
26/06/2013,26.09
27/06/2013,26.16
28/06/2013,26.16
01/07/2013,26.15
02/07/2013,26.16
03/07/2013,26.07
04/07/2013,25.84
05/07/2013,25.74
08/07/2013,25.72
10/07/2013,25.23
11/07/2013,25.24
12/07/2013,25.17
15/07/2013,24.74
16/07/2013,24.64
17/07/2013,24.75
18/07/2013,24.72
19/07/2013,24.67
22/07/2013,24.52
23/07/2013,24.32
24/07/2013,24.30
25/07/2013,24.58
26/07/2013,24.53
29/07/2013,24.36
30/07/2013,24.22
31/07/2013,24.22
01/08/2013,23.87
02/08/2013,23.75
05/08/2013,23.76
06/08/2013,23.58
07/08/2013,23.46
08/08/2013,23.36
09/08/2013,23.28
12/08/2013,23.14
13/08/2013,23.22
14/08/2013,23.18
15/08/2013,23.05
16/08/2013,23.16
19/08/2013,23.62
20/08/2013,24.11
21/08/2013,24.35
22/08/2013,24.88
23/08/2013,24.77
26/08/2013,24.96
27/08/2013,25.12
28/08/2013,25.47
29/08/2013,25.32
30/08/2013,25.38
02/09/2013,25.52
03/09/2013,25.69
04/09/2013,25.75
05/09/2013,25.77
06/09/2013,25.85
09/09/2013,25.68
10/09/2013,25.50
11/09/2013,25.28
12/09/2013,25.27
13/09/2013,25.34
16/09/2013,25.22
17/09/2013,24.74
18/09/2013,24.85
19/09/2013,24.90
20/09/2013,24.82
23/09/2013,24.64
24/09/2013,24.29
25/09/2013,24.33
26/09/2013,24.34
27/09/2013,24.42
30/09/2013,24.31
01/10/2013,23.90
02/10/2013,23.81
03/10/2013,23.74
04/10/2013,23.66
07/10/2013,23.68
08/10/2013,23.63
09/10/2013,23.51
10/10/2013,23.36
11/10/2013,23.56
14/10/2013,23.52
15/10/2013,23.67
16/10/2013,23.66
17/10/2013,23.89
18/10/2013,23.91
21/10/2013,24.22
22/10/2013,24.34
23/10/2013,24.80
24/10/2013,25.11
25/10/2013,24.95
28/10/2013,25.09
29/10/2013,24.94
30/10/2013,25.14
31/10/2013,24.77
01/11/2013,24.77
04/11/2013,24.78
05/11/2013,24.98
06/11/2013,24.99
07/11/2013,24.98
08/11/2013,24.97
11/11/2013,24.97
12/11/2013,25.30
13/11/2013,25.78
14/11/2013,25.79
18/11/2013,25.75
19/11/2013,25.77
20/11/2013,25.72
21/11/2013,25.99
22/11/2013,25.97
25/11/2013,25.62
26/11/2013,26.25
27/11/2013,26.49
28/11/2013,26.53
29/11/2013,26.45
02/12/2013,26.28
03/12/2013,26.44
04/12/2013,26.34
05/12/2013,26.30
06/12/2013,26.37
09/12/2013,26.56
10/12/2013,26.36
11/12/2013,26.32
12/12/2013,26.29
13/12/2013,26.26
16/12/2013,26.25
17/12/2013,26.36
18/12/2013,26.42
19/12/2013,26.55
20/12/2013,26.68
23/12/2013,26.69
26/12/2013,26.74
27/12/2013,26.79
30/12/2013,26.54
02/01/2014,26.64
03/01/2014,27.00
06/01/2014,27.29
07/01/2014,27.49
08/01/2014,27.16
09/01/2014,27.17
10/01/2014,27.17
13/01/2014,27.32
14/01/2014,27.35
15/01/2014,27.30
16/01/2014,27.07
17/01/2014,27.02
20/01/2014,26.81
21/01/2014,26.65
22/01/2014,26.59
23/01/2014,26.47
24/01/2014,26.04
27/01/2014,26.16
28/01/2014,26.24
29/01/2014,26.22
30/01/2014,26.46
31/01/2014,26.65
03/02/2014,26.91
04/02/2014,27.41
05/02/2014,28.06
06/02/2014,28.52
07/02/2014,28.31
10/02/2014,28.37
11/02/2014,28.93
12/02/2014,29.51
13/02/2014,29.70
14/02/2014,30.11
17/02/2014,30.13
18/02/2014,30.96
19/02/2014,31.76
20/02/2014,32.51
21/02/2014,33.13
24/02/2014,33.15
25/02/2014,33.62
26/02/2014,33.74
27/02/2014,33.68
28/02/2014,33.95
05/03/2014,33.85
06/03/2014,33.82
07/03/2014,34.03
10/03/2014,34.16
11/03/2014,34.11
12/03/2014,33.85
13/03/2014,33.64
14/03/2014,33.51
17/03/2014,33.37
18/03/2014,32.97
19/03/2014,32.78
20/03/2014,32.20
21/03/2014,31.90
24/03/2014,31.97
25/03/2014,31.88
26/03/2014,31.55
27/03/2014,31.67
28/03/2014,31.44
31/03/2014,31.34
01/04/2014,31.32
02/04/2014,31.26
03/04/2014,31.29
04/04/2014,31.33
07/04/2014,31.24
08/04/2014,31.28
09/04/2014,31.44
10/04/2014,31.28
11/04/2014,31.32
14/04/2014,31.26
15/04/2014,31.53
16/04/2014,31.32
17/04/2014,31.18
22/04/2014,31.56
23/04/2014,31.33
24/04/2014,31.01
25/04/2014,30.95
28/04/2014,30.73
29/04/2014,30.48
30/04/2014,30.49
02/05/2014,30.40
05/05/2014,30.39
06/05/2014,30.34
07/05/2014,29.62
08/05/2014,29.54
09/05/2014,29.41
12/05/2014,29.48
13/05/2014,28.85
14/05/2014,28.96
15/05/2014,28.75
16/05/2014,28.35
19/05/2014,28.43
20/05/2014,28.02
21/05/2014,28.01
22/05/2014,27.95
23/05/2014,28.00
26/05/2014,27.88
27/05/2014,27.88
28/05/2014,28.03
29/05/2014,27.74
30/05/2014,27.71
02/06/2014,27.78
03/06/2014,27.71
04/06/2014,27.33
05/06/2014,27.28
06/06/2014,27.11
09/06/2014,27.03
10/06/2014,26.87
11/06/2014,26.67
12/06/2014,26.66
13/06/2014,26.42
16/06/2014,26.24
17/06/2014,26.23
18/06/2014,25.93
20/06/2014,25.90
23/06/2014,25.91
24/06/2014,25.52
25/06/2014,25.48
26/06/2014,25.18
27/06/2014,25.16
30/06/2014,25.16
01/07/2014,24.46
02/07/2014,24.89
03/07/2014,24.66
04/07/2014,24.73
07/07/2014,24.39
08/07/2014,24.48
10/07/2014,24.35
11/07/2014,24.28
14/07/2014,23.98
15/07/2014,23.91
16/07/2014,23.84
17/07/2014,23.55
18/07/2014,23.43
21/07/2014,23.10
22/07/2014,22.99
23/07/2014,22.88
24/07/2014,22.91
25/07/2014,22.71
28/07/2014,22.77
29/07/2014,22.69
30/07/2014,22.73
31/07/2014,22.73
01/08/2014,22.93
04/08/2014,22.88
05/08/2014,22.72
06/08/2014,23.20
07/08/2014,23.41
08/08/2014,23.22
11/08/2014,23.21
12/08/2014,23.21
13/08/2014,23.10
14/08/2014,22.97
15/08/2014,22.91
18/08/2014,22.85
19/08/2014,22.80
20/08/2014,22.79
21/08/2014,22.66
22/08/2014,22.64
25/08/2014,22.73
26/08/2014,22.82
27/08/2014,22.79
28/08/2014,22.65
29/08/2014,22.59
01/09/2014,22.51
02/09/2014,22.31
03/09/2014,22.22
04/09/2014,21.93
05/09/2014,21.93
08/09/2014,21.87
09/09/2014,21.76
10/09/2014,21.80
11/09/2014,21.98
12/09/2014,21.84
15/09/2014,21.99
16/09/2014,21.89
17/09/2014,22.03
18/09/2014,21.99
19/09/2014,21.94
22/09/2014,21.95
23/09/2014,22.10
24/09/2014,22.09
25/09/2014,22.11
26/09/2014,22.11
29/09/2014,22.16
30/09/2014,22.02
01/10/2014,21.78
02/10/2014,21.91
03/10/2014,21.98
06/10/2014,21.94
07/10/2014,21.79
08/10/2014,22.04
09/10/2014,22.07
10/10/2014,22.00
13/10/2014,22.39
14/10/2014,22.87
15/10/2014,22.78
16/10/2014,22.82
17/10/2014,23.74
20/10/2014,23.83
21/10/2014,24.57
22/10/2014,24.66
23/10/2014,24.96
24/10/2014,25.10
27/10/2014,25.37
28/10/2014,25.99
29/10/2014,26.17
30/10/2014,26.35
31/10/2014,26.21
03/11/2014,26.53
04/11/2014,26.44
05/11/2014,26.77
06/11/2014,26.58
07/11/2014,26.81
10/11/2014,26.93
11/11/2014,27.29
12/11/2014,27.77
13/11/2014,27.55
14/11/2014,27.84
17/11/2014,27.92
18/11/2014,28.58
19/11/2014,28.75
20/11/2014,28.40
21/11/2014,28.36
24/11/2014,28.69
25/11/2014,28.43
26/11/2014,28.07
27/11/2014,27.93
28/11/2014,27.52
01/12/2014,27.10
02/12/2014,26.76
03/12/2014,26.78
04/12/2014,26.71
05/12/2014,26.61
08/12/2014,26.69
09/12/2014,26.74
10/12/2014,26.95
11/12/2014,27.24
12/12/2014,27.44
15/12/2014,27.93
16/12/2014,28.11
17/12/2014,28.09
18/12/2014,28.40
19/12/2014,28.49
22/12/2014,28.54
23/12/2014,28.67
26/12/2014,28.66
29/12/2014,28.72
30/12/2014,28.75
02/01/2015,28.72
05/01/2015,28.55
06/01/2015,28.20
07/01/2015,28.10
08/01/2015,28.04
09/01/2015,27.95
12/01/2015,27.62
13/01/2015,27.60
14/01/2015,27.46
15/01/2015,27.48
16/01/2015,27.25
19/01/2015,27.23
20/01/2015,27.29
21/01/2015,27.10
22/01/2015,26.87
23/01/2015,26.79
26/01/2015,26.77
27/01/2015,26.62
28/01/2015,26.56
29/01/2015,26.62
30/01/2015,26.78
02/02/2015,26.85
03/02/2015,26.94
04/02/2015,27.13
05/02/2015,27.60
06/02/2015,27.65
09/02/2015,27.64
10/02/2015,27.62
11/02/2015,27.63
12/02/2015,27.72
13/02/2015,27.97
18/02/2015,28.04
19/02/2015,28.18
20/02/2015,28.35
23/02/2015,28.77
24/02/2015,28.84
25/02/2015,28.94
26/02/2015,29.03
27/02/2015,28.96
02/03/2015,29.31
03/03/2015,29.34
04/03/2015,29.46
05/03/2015,29.44
06/03/2015,29.42
09/03/2015,29.49
10/03/2015,29.64
11/03/2015,29.67
12/03/2015,29.70
13/03/2015,29.65
16/03/2015,29.61
17/03/2015,29.56
18/03/2015,29.53
19/03/2015,29.77
20/03/2015,29.67
23/03/2015,29.44
24/03/2015,29.12
25/03/2015,29.05
26/03/2015,29.09
27/03/2015,29.10
30/03/2015,29.13
31/03/2015,29.38
01/04/2015,29.30
02/04/2015,29.28
06/04/2015,28.95
07/04/2015,28.69
08/04/2015,28.54
09/04/2015,28.47
10/04/2015,28.35
13/04/2015,28.17
14/04/2015,27.73
15/04/2015,27.46
16/04/2015,27.40
17/04/2015,27.08
20/04/2015,27.08
22/04/2015,26.99
23/04/2015,26.93
24/04/2015,26.73
27/04/2015,26.56
28/04/2015,26.36
29/04/2015,26.20
30/04/2015,25.98
04/05/2015,25.91
05/05/2015,25.82
06/05/2015,25.79
07/05/2015,25.64
08/05/2015,25.63
11/05/2015,25.62
12/05/2015,25.62
13/05/2015,25.42
14/05/2015,25.39
15/05/2015,25.28
18/05/2015,25.26
19/05/2015,24.99
20/05/2015,24.97
21/05/2015,25.13
22/05/2015,25.11
25/05/2015,25.07
26/05/2015,25.28
27/05/2015,24.96
28/05/2015,24.94
29/05/2015,24.91
01/06/2015,25.00
02/06/2015,24.79
03/06/2015,24.82
05/06/2015,24.85
08/06/2015,24.85
09/06/2015,24.65
10/06/2015,24.81
11/06/2015,24.89
12/06/2015,24.79
15/06/2015,24.91
16/06/2015,25.16
17/06/2015,25.19
18/06/2015,25.09
19/06/2015,25.00
22/06/2015,25.03
23/06/2015,25.16
24/06/2015,25.10
25/06/2015,25.26
26/06/2015,25.51
29/06/2015,25.29
30/06/2015,25.48
01/07/2015,25.46
02/07/2015,25.42
03/07/2015,25.51
06/07/2015,25.35
07/07/2015,25.54
08/07/2015,25.76
09/07/2015,25.84
10/07/2015,26.04
13/07/2015,25.61
14/07/2015,26.51
15/07/2015,26.57
16/07/2015,26.35
17/07/2015,26.53
20/07/2015,26.46
21/07/2015,26.78
22/07/2015,26.26
23/07/2015,26.16
24/07/2015,26.23
27/07/2015,25.92
28/07/2015,25.80
29/07/2015,25.95
30/07/2015,25.87
31/07/2015,25.93
03/08/2015,26.16
04/08/2015,26.48
05/08/2015,26.58
06/08/2015,27.08
07/08/2015,27.60
10/08/2015,27.56
11/08/2015,27.86
12/08/2015,27.58
13/08/2015,27.63
14/08/2015,27.38
17/08/2015,27.39
18/08/2015,27.09
19/08/2015,27.34
20/08/2015,27.50
21/08/2015,27.38
24/08/2015,27.60
25/08/2015,27.69
26/08/2015,27.65
27/08/2015,27.85
28/08/2015,27.91
31/08/2015,28.16
01/09/2015,28.69
02/09/2015,29.05
03/09/2015,29.20
04/09/2015,29.55
08/09/2015,29.61
09/09/2015,29.61
10/09/2015,29.95
11/09/2015,30.26
14/09/2015,30.61
15/09/2015,30.99
16/09/2015,31.36
17/09/2015,31.42
18/09/2015,31.40
21/09/2015,31.38
22/09/2015,31.73
23/09/2015,31.98
24/09/2015,32.62
25/09/2015,32.51
28/09/2015,32.96
29/09/2015,33.19
30/09/2015,33.69
01/10/2015,33.52
02/10/2015,33.36
05/10/2015,33.43
06/10/2015,33.21
07/10/2015,33.02
08/10/2015,32.76
09/10/2015,32.36
13/10/2015,32.32
14/10/2015,32.31
15/10/2015,32.17
16/10/2015,32.08
19/10/2015,32.13
20/10/2015,32.20
21/10/2015,32.53
22/10/2015,32.76
23/10/2015,32.86
26/10/2015,32.84
27/10/2015,33.04
28/10/2015,33.03
29/10/2015,33.45
30/10/2015,33.97
03/11/2015,33.69
04/11/2015,33.68
05/11/2015,33.59
06/11/2015,33.77
09/11/2015,33.83
10/11/2015,33.98
11/11/2015,33.83
12/11/2015,33.99
13/11/2015,33.82
16/11/2015,33.67
17/11/2015,33.30
18/11/2015,33.28
19/11/2015,33.35
20/11/2015,33.52
23/11/2015,33.45
24/11/2015,33.58
25/11/2015,33.38
26/11/2015,33.14
27/11/2015,33.24
30/11/2015,33.25
01/12/2015,33.82
02/12/2015,33.82
03/12/2015,34.16
04/12/2015,34.09
07/12/2015,33.92
08/12/2015,34.92
09/12/2015,34.78
10/12/2015,35.11
11/12/2015,35.44
14/12/2015,35.60
15/12/2015,35.54
16/12/2015,35.66
17/12/2015,35.67
18/12/2015,35.76
21/12/2015,36.15
22/12/2015,36.23
23/12/2015,36.26
28/12/2015,36.29
29/12/2015,36.55
30/12/2015,36.83
04/01/2016,37.31
05/01/2016,37.41
06/01/2016,38.40
07/01/2016,38.78
08/01/2016,39.51
11/01/2016,40.37
12/01/2016,41.74
13/01/2016,42.60
14/01/2016,43.44
15/01/2016,43.36
18/01/2016,43.28
19/01/2016,43.21
20/01/2016,43.31
21/01/2016,43.46
22/01/2016,43.27
25/01/2016,42.84
26/01/2016,42.92
27/01/2016,42.85
28/01/2016,42.71
29/01/2016,42.27
01/02/2016,42.54
02/02/2016,42.35
03/02/2016,42.64
04/02/2016,42.49
05/02/2016,42.33
10/02/2016,42.68
11/02/2016,42.84
12/02/2016,42.93
15/02/2016,42.95
16/02/2016,42.97
17/02/2016,42.86
18/02/2016,42.96
19/02/2016,43.26
22/02/2016,43.05
23/02/2016,43.20
24/02/2016,43.53
25/02/2016,43.72
26/02/2016,43.73
29/02/2016,43.63
01/03/2016,44.19
02/03/2016,44.69
03/03/2016,45.01
04/03/2016,44.91
07/03/2016,45.20
08/03/2016,45.88
09/03/2016,46.35
10/03/2016,47.71
11/03/2016,47.49
14/03/2016,47.85
15/03/2016,48.50
16/03/2016,48.77
17/03/2016,48.70
18/03/2016,48.95
21/03/2016,49.10
22/03/2016,49.80
23/03/2016,49.75
24/03/2016,49.46
28/03/2016,49.85
29/03/2016,49.85
30/03/2016,49.60
31/03/2016,49.68
01/04/2016,49.91
04/04/2016,49.53
05/04/2016,49.34
06/04/2016,49.35
07/04/2016,49.33
08/04/2016,49.40
11/04/2016,48.95
12/04/2016,48.98
13/04/2016,48.97
14/04/2016,48.63
15/04/2016,48.27
18/04/2016,48.50
19/04/2016,48.72
20/04/2016,48.61
22/04/2016,48.80
25/04/2016,48.37
26/04/2016,48.82
27/04/2016,48.54
28/04/2016,48.70
29/04/2016,48.65
02/05/2016,49.20
03/05/2016,49.39
04/05/2016,49.45
05/05/2016,49.68
06/05/2016,50.01
09/05/2016,49.97
10/05/2016,50.04
11/05/2016,50.43
12/05/2016,51.03
13/05/2016,51.70
16/05/2016,51.55
17/05/2016,51.81
18/05/2016,52.82
19/05/2016,52.79
20/05/2016,52.91
23/05/2016,52.81
24/05/2016,53.02
25/05/2016,53.07
27/05/2016,52.97
30/05/2016,53.26
31/05/2016,53.15
01/06/2016,53.21
02/06/2016,53.91
03/06/2016,53.81
06/06/2016,53.21
07/06/2016,53.26
08/06/2016,53.38
09/06/2016,53.56
10/06/2016,53.37
13/06/2016,53.29
14/06/2016,52.80
15/06/2016,52.04
16/06/2016,51.95
17/06/2016,50.62
20/06/2016,48.40
21/06/2016,46.05
22/06/2016,44.47
23/06/2016,43.20
24/06/2016,42.64
27/06/2016,42.64
28/06/2016,42.20
29/06/2016,41.36
30/06/2016,41.28
01/07/2016,41.12
04/07/2016,41.56
05/07/2016,41.32
06/07/2016,41.12
07/07/2016,41.86
08/07/2016,41.65
11/07/2016,41.23
12/07/2016,41.72
13/07/2016,42.48
14/07/2016,43.21
15/07/2016,43.86
18/07/2016,44.97
19/07/2016,45.91
20/07/2016,46.73
21/07/2016,47.30
22/07/2016,47.39
25/07/2016,47.48
26/07/2016,48.05
27/07/2016,47.89
28/07/2016,47.84
29/07/2016,48.21
01/08/2016,48.55
02/08/2016,48.09
03/08/2016,47.36
04/08/2016,47.44
05/08/2016,47.08
08/08/2016,46.89
09/08/2016,46.56
10/08/2016,46.37
11/08/2016,45.90
12/08/2016,45.78
15/08/2016,45.43
16/08/2016,44.83
17/08/2016,44.98
18/08/2016,44.60
19/08/2016,44.63
22/08/2016,44.44
23/08/2016,44.58
24/08/2016,44.37
25/08/2016,44.38
26/08/2016,43.71
29/08/2016,43.32
30/08/2016,42.86
31/08/2016,42.71
01/09/2016,42.40
02/09/2016,42.96
05/09/2016,42.94
06/09/2016,42.76
08/09/2016,41.92
09/09/2016,42.14
12/09/2016,41.97
13/09/2016,42.15
14/09/2016,42.25
15/09/2016,42.55
16/09/2016,42.78
19/09/2016,42.31
20/09/2016,42.06
21/09/2016,41.97
22/09/2016,41.29
23/09/2016,40.96
26/09/2016,40.47
27/09/2016,40.77
28/09/2016,40.88
29/09/2016,41.10
30/09/2016,41.53
03/10/2016,41.89
04/10/2016,42.70
05/10/2016,43.24
06/10/2016,43.75
07/10/2016,43.64
10/10/2016,43.78
11/10/2016,43.71
13/10/2016,43.74
14/10/2016,43.48
17/10/2016,43.03
18/10/2016,42.57
19/10/2016,42.14
20/10/2016,41.73
21/10/2016,41.10
24/10/2016,40.40
25/10/2016,40.09
26/10/2016,39.98
27/10/2016,40.16
28/10/2016,40.32
31/10/2016,40.86
01/11/2016,40.83
03/11/2016,40.84
04/11/2016,40.61
07/11/2016,40.39
08/11/2016,39.86
09/11/2016,39.51
10/11/2016,39.12
11/11/2016,39.33
14/11/2016,39.53
16/11/2016,40.15
17/11/2016,39.72
18/11/2016,39.03
21/11/2016,37.93
22/11/2016,37.59
23/11/2016,37.46
24/11/2016,37.06
25/11/2016,36.64
28/11/2016,36.85
29/11/2016,36.43
30/11/2016,36.49
01/12/2016,36.54
02/12/2016,36.53
05/12/2016,36.79
06/12/2016,37.30
07/12/2016,37.48
08/12/2016,38.20
09/12/2016,37.91
12/12/2016,38.36
13/12/2016,39.05
14/12/2016,38.80
15/12/2016,38.63
16/12/2016,38.87
19/12/2016,39.36
20/12/2016,39.34
21/12/2016,38.84
22/12/2016,39.07
23/12/2016,38.80
26/12/2016,38.82
27/12/2016,38.80
28/12/2016,38.51
29/12/2016,38.17
02/01/2017,38.51
03/01/2017,37.94
04/01/2017,37.25
05/01/2017,36.90
06/01/2017,36.30
09/01/2017,35.75
10/01/2017,34.77
11/01/2017,34.40
12/01/2017,34.39
13/01/2017,34.17
16/01/2017,34.23
17/01/2017,34.52
18/01/2017,35.11
19/01/2017,35.05
20/01/2017,35.59
23/01/2017,36.33
24/01/2017,36.39
25/01/2017,36.50
26/01/2017,36.61
27/01/2017,36.66
30/01/2017,36.55
31/01/2017,36.40
01/02/2017,36.06
02/02/2017,35.94
03/02/2017,36.41
06/02/2017,36.34
07/02/2017,36.02
08/02/2017,36.37
09/02/2017,36.42
10/02/2017,36.57
13/02/2017,36.54
14/02/2017,36.36
15/02/2017,36.04
16/02/2017,36.13
17/02/2017,36.06
20/02/2017,35.91
21/02/2017,36.02
22/02/2017,36.39
23/02/2017,36.10
24/02/2017,36.10
01/03/2017,35.96
02/03/2017,36.11
03/03/2017,36.25
06/03/2017,35.95
07/03/2017,35.89
08/03/2017,35.48
09/03/2017,35.53
10/03/2017,35.44
13/03/2017,34.85
14/03/2017,35.33
15/03/2017,35.11
16/03/2017,35.01
17/03/2017,34.64
20/03/2017,34.32
21/03/2017,33.19
22/03/2017,32.80
23/03/2017,31.74
24/03/2017,31.63
27/03/2017,30.46
28/03/2017,30.42
29/03/2017,30.16
30/03/2017,30.27
31/03/2017,30.12
03/04/2017,29.39
04/04/2017,28.86
05/04/2017,28.44
06/04/2017,28.23
07/04/2017,28.14
10/04/2017,27.92
11/04/2017,27.51
12/04/2017,27.53
13/04/2017,27.80
17/04/2017,27.86
18/04/2017,28.56
19/04/2017,28.46
20/04/2017,28.60
24/04/2017,28.96
25/04/2017,28.52
26/04/2017,28.56
27/04/2017,28.23
28/04/2017,28.17
02/05/2017,27.91
03/05/2017,28.24
04/05/2017,28.51
05/05/2017,28.25
08/05/2017,28.22
09/05/2017,28.03
10/05/2017,28.15
11/05/2017,27.99
12/05/2017,28.09
15/05/2017,28.13
16/05/2017,27.88
17/05/2017,27.67
18/05/2017,27.80
19/05/2017,28.07
22/05/2017,27.88
23/05/2017,27.85
24/05/2017,27.60
25/05/2017,27.11
26/05/2017,27.23
29/05/2017,26.90
30/05/2017,26.82
31/05/2017,26.49
01/06/2017,26.52
02/06/2017,26.48
05/06/2017,26.61
06/06/2017,26.84
07/06/2017,26.79
08/06/2017,27.19
09/06/2017,27.35
12/06/2017,27.12
13/06/2017,27.25
14/06/2017,27.09
16/06/2017,27.11
19/06/2017,27.21
20/06/2017,27.24
21/06/2017,27.03
22/06/2017,26.84
23/06/2017,26.82
26/06/2017,26.39
27/06/2017,26.36
28/06/2017,26.23
29/06/2017,25.89
30/06/2017,25.49
03/07/2017,26.10
04/07/2017,26.25
05/07/2017,26.71
06/07/2017,26.66
07/07/2017,26.80
10/07/2017,26.86
11/07/2017,27.22
12/07/2017,27.05
13/07/2017,26.64
14/07/2017,26.26
17/07/2017,26.38
18/07/2017,26.66
19/07/2017,26.77
20/07/2017,26.63
21/07/2017,26.41
24/07/2017,25.92
25/07/2017,25.77
26/07/2017,25.49
27/07/2017,25.55
28/07/2017,25.40
31/07/2017,25.44
01/08/2017,25.36
02/08/2017,25.31
03/08/2017,25.20
04/08/2017,25.76
07/08/2017,26.00
08/08/2017,25.88
09/08/2017,25.99
10/08/2017,26.14
11/08/2017,26.33
14/08/2017,26.48
15/08/2017,27.05
16/08/2017,27.48
17/08/2017,27.64
18/08/2017,27.96
21/08/2017,27.83
22/08/2017,27.57
23/08/2017,27.42
24/08/2017,26.98
25/08/2017,26.94
28/08/2017,26.95
29/08/2017,26.80
30/08/2017,26.93
31/08/2017,27.30
01/09/2017,27.35
04/09/2017,27.93
05/09/2017,27.95
06/09/2017,28.09
08/09/2017,28.13
11/09/2017,28.39
12/09/2017,28.36
13/09/2017,28.45
14/09/2017,28.83
15/09/2017,28.86
18/09/2017,28.98
19/09/2017,29.09
20/09/2017,29.98
21/09/2017,30.41
22/09/2017,30.64
25/09/2017,30.51
26/09/2017,30.17
27/09/2017,30.05
28/09/2017,29.94
29/09/2017,30.04
02/10/2017,30.39
03/10/2017,29.71
04/10/2017,29.59
05/10/2017,29.66
06/10/2017,30.39
09/10/2017,30.83
10/10/2017,31.17
11/10/2017,31.29
13/10/2017,31.27
16/10/2017,31.71
17/10/2017,31.81
18/10/2017,31.75
19/10/2017,31.44
20/10/2017,31.73
23/10/2017,32.04
24/10/2017,32.02
25/10/2017,32.16
26/10/2017,31.47
27/10/2017,31.76
30/10/2017,31.99
31/10/2017,32.23
01/11/2017,32.89
03/11/2017,32.87
06/11/2017,32.11
07/11/2017,32.70
08/11/2017,32.70
09/11/2017,32.52
10/11/2017,32.68
13/11/2017,32.32
14/11/2017,32.26
16/11/2017,32.24
17/11/2017,32.05
20/11/2017,31.76
21/11/2017,31.38
22/11/2017,30.98
23/11/2017,30.71
24/11/2017,30.86
27/11/2017,30.56
28/11/2017,30.32
29/11/2017,30.50
30/11/2017,30.59
01/12/2017,30.93
04/12/2017,31.21
05/12/2017,31.31
06/12/2017,31.75
07/12/2017,31.64
08/12/2017,31.58
11/12/2017,31.66
12/12/2017,31.84
13/12/2017,32.34
14/12/2017,32.04
15/12/2017,32.36
18/12/2017,32.56
19/12/2017,33.08
20/12/2017,33.29
21/12/2017,33.32
22/12/2017,33.26
26/12/2017,33.53
27/12/2017,33.71
28/12/2017,33.77
02/01/2018,33.77
03/01/2018,33.67
04/01/2018,33.61
05/01/2018,33.31
08/01/2018,33.12
09/01/2018,32.64
10/01/2018,32.71
11/01/2018,32.42
12/01/2018,32.82
15/01/2018,32.41
16/01/2018,31.85
17/01/2018,32.19
18/01/2018,32.28
19/01/2018,32.33
22/01/2018,32.62
23/01/2018,32.57
24/01/2018,32.19
25/01/2018,32.35
26/01/2018,32.57
29/01/2018,32.58
30/01/2018,32.66
31/01/2018,32.77
01/02/2018,32.84
02/02/2018,33.20
05/02/2018,33.10
06/02/2018,33.42
07/02/2018,33.41
08/02/2018,33.35
09/02/2018,33.34
14/02/2018,33.53
15/02/2018,33.87
16/02/2018,34.02
19/02/2018,34.22
20/02/2018,34.64
21/02/2018,35.20
22/02/2018,36.11
23/02/2018,36.76
26/02/2018,37.05
27/02/2018,38.44
28/02/2018,39.20
01/03/2018,39.74
02/03/2018,40.06
05/03/2018,41.39
06/03/2018,41.02
07/03/2018,40.98
08/03/2018,41.32
09/03/2018,41.42
12/03/2018,42.28
13/03/2018,42.92
14/03/2018,42.93
15/03/2018,42.28
16/03/2018,41.45
19/03/2018,41.50
20/03/2018,41.62
21/03/2018,41.72
22/03/2018,41.60
23/03/2018,41.02
26/03/2018,41.27
27/03/2018,41.06
28/03/2018,40.75
29/03/2018,40.35
02/04/2018,39.87
03/04/2018,40.07
04/04/2018,40.83
05/04/2018,41.16
06/04/2018,41.36
09/04/2018,41.41
10/04/2018,41.02
11/04/2018,40.82
12/04/2018,40.47
13/04/2018,39.92
16/04/2018,40.13
17/04/2018,40.04
18/04/2018,39.78
19/04/2018,39.37
20/04/2018,38.82
23/04/2018,38.40
24/04/2018,38.84
25/04/2018,38.91
26/04/2018,38.81
27/04/2018,38.98
30/04/2018,39.40
02/05/2018,39.81
03/05/2018,40.03
04/05/2018,40.43
07/05/2018,41.51
08/05/2018,41.59
09/05/2018,42.13
10/05/2018,42.00
11/05/2018,42.43
14/05/2018,42.14
15/05/2018,42.25
16/05/2018,42.48
17/05/2018,42.57
18/05/2018,42.61
21/05/2018,43.35
22/05/2018,43.63
23/05/2018,44.15
24/05/2018,44.43
25/05/2018,44.23
28/05/2018,44.13
29/05/2018,45.01
30/05/2018,45.49
01/06/2018,45.89
04/06/2018,44.75
05/06/2018,43.78
06/06/2018,43.68
07/06/2018,43.58
08/06/2018,43.27
11/06/2018,42.87
12/06/2018,41.72
13/06/2018,40.70
14/06/2018,40.24
15/06/2018,40.04
18/06/2018,40.00
19/06/2018,39.62
20/06/2018,38.76
21/06/2018,38.66
22/06/2018,37.89
25/06/2018,37.76
26/06/2018,37.35
27/06/2018,37.17
28/06/2018,36.94
29/06/2018,36.97
02/07/2018,36.78
03/07/2018,36.21
04/07/2018,35.27
05/07/2018,36.43
06/07/2018,36.22
09/07/2018,35.98
10/07/2018,36.87
11/07/2018,36.63
12/07/2018,37.02
13/07/2018,36.70
16/07/2018,37.22
17/07/2018,37.10
18/07/2018,37.28
19/07/2018,37.36
20/07/2018,37.72
23/07/2018,37.71
24/07/2018,37.64
25/07/2018,37.92
26/07/2018,38.06
27/07/2018,38.53
30/07/2018,38.76
31/07/2018,39.34
01/08/2018,39.45
02/08/2018,39.75
03/08/2018,39.78
06/08/2018,40.04
07/08/2018,41.36
08/08/2018,41.88
09/08/2018,41.93
10/08/2018,42.14
13/08/2018,41.71
14/08/2018,41.28
15/08/2018,41.39
16/08/2018,41.59
17/08/2018,41.30
20/08/2018,41.27
21/08/2018,41.12
22/08/2018,41.53
23/08/2018,41.69
24/08/2018,41.66
27/08/2018,41.49
28/08/2018,41.08
29/08/2018,41.19
30/08/2018,41.19
31/08/2018,41.10
03/09/2018,40.90
04/09/2018,40.84
05/09/2018,40.85
06/09/2018,40.64
10/09/2018,41.06
11/09/2018,40.78
12/09/2018,40.51
13/09/2018,40.57
14/09/2018,40.75
17/09/2018,40.87
18/09/2018,40.42
19/09/2018,40.30
20/09/2018,39.91
21/09/2018,39.60
24/09/2018,39.83
25/09/2018,39.54
26/09/2018,39.53
27/09/2018,39.52
28/09/2018,39.40
01/10/2018,39.32
02/10/2018,39.05
03/10/2018,38.55
04/10/2018,38.35
05/10/2018,38.78
08/10/2018,38.12
09/10/2018,37.56
10/10/2018,36.97
11/10/2018,37.11
15/10/2018,36.87
16/10/2018,36.56
17/10/2018,35.98
18/10/2018,35.64
19/10/2018,35.21
22/10/2018,35.10
23/10/2018,34.88
24/10/2018,34.78
25/10/2018,34.95
26/10/2018,34.55
29/10/2018,34.48
30/10/2018,34.55
31/10/2018,34.17
01/11/2018,34.26
05/11/2018,34.78
06/11/2018,34.93
07/11/2018,35.72
08/11/2018,35.69
09/11/2018,35.98
12/11/2018,36.35
13/11/2018,36.59
14/11/2018,36.83
16/11/2018,36.81
19/11/2018,36.92
20/11/2018,36.94
21/11/2018,37.34
22/11/2018,37.37
23/11/2018,37.30
26/11/2018,37.70
27/11/2018,37.33
28/11/2018,37.61
29/11/2018,37.01
30/11/2018,37.81
03/12/2018,37.54
04/12/2018,36.63
05/12/2018,37.46
06/12/2018,37.80
07/12/2018,37.49
10/12/2018,37.48
11/12/2018,36.64
12/12/2018,37.14
13/12/2018,37.29
14/12/2018,37.66
17/12/2018,38.06
18/12/2018,37.39
19/12/2018,37.99
20/12/2018,38.86
21/12/2018,38.61
26/12/2018,38.82
27/12/2018,39.08
28/12/2018,38.93
02/01/2019,39.26
03/01/2019,39.41
04/01/2019,39.32
07/01/2019,39.17
08/01/2019,38.83
09/01/2019,38.83
10/01/2019,38.90
11/01/2019,38.78
14/01/2019,38.70
15/01/2019,38.26
16/01/2019,38.23
17/01/2019,37.85
18/01/2019,38.31
21/01/2019,38.89
22/01/2019,38.75
23/01/2019,38.57
24/01/2019,38.86
25/01/2019,38.88
28/01/2019,39.64
29/01/2019,39.65
30/01/2019,39.54
31/01/2019,39.33
01/02/2019,39.61
04/02/2019,39.67
05/02/2019,39.55
06/02/2019,39.93
07/02/2019,39.56
08/02/2019,39.99
11/02/2019,40.18
12/02/2019,40.75
13/02/2019,40.84
14/02/2019,40.82
15/02/2019,41.10
18/02/2019,41.05
19/02/2019,41.64
20/02/2019,41.43
21/02/2019,41.53
22/02/2019,41.65
25/02/2019,42.33
26/02/2019,42.06
27/02/2019,41.85
28/02/2019,42.33
01/03/2019,41.60
06/03/2019,41.84
07/03/2019,42.11
08/03/2019,42.13
11/03/2019,42.02
12/03/2019,41.15
13/03/2019,40.34
14/03/2019,40.04
15/03/2019,39.61
18/03/2019,39.56
19/03/2019,38.78
20/03/2019,38.15
21/03/2019,38.10
22/03/2019,38.41
25/03/2019,38.84
26/03/2019,38.50
27/03/2019,38.42
28/03/2019,38.61
29/03/2019,38.43
01/04/2019,37.79
02/04/2019,38.25
03/04/2019,38.60
04/04/2019,38.32
05/04/2019,38.08
08/04/2019,37.39
09/04/2019,37.10
10/04/2019,37.01
11/04/2019,37.18
12/04/2019,36.69
15/04/2019,36.71
16/04/2019,36.75
17/04/2019,36.19
18/04/2019,35.84
22/04/2019,35.92
23/04/2019,35.68
24/04/2019,34.93
25/04/2019,34.72
26/04/2019,34.29
29/04/2019,33.80
30/04/2019,33.63
02/05/2019,33.78
03/05/2019,33.21
06/05/2019,32.88
07/05/2019,32.82
08/05/2019,32.90
09/05/2019,33.02
10/05/2019,32.93
13/05/2019,33.17
14/05/2019,33.31
15/05/2019,33.64
16/05/2019,34.25
17/05/2019,34.69
20/05/2019,35.27
21/05/2019,35.61
22/05/2019,35.69
23/05/2019,35.66
24/05/2019,35.71
27/05/2019,35.82
28/05/2019,37.33
29/05/2019,37.80
30/05/2019,38.37
31/05/2019,38.56
03/06/2019,37.77
04/06/2019,38.10
05/06/2019,37.79
06/06/2019,37.38
07/06/2019,37.19
10/06/2019,36.71
11/06/2019,36.19
12/06/2019,37.09
13/06/2019,37.29
14/06/2019,38.30
17/06/2019,38.58
18/06/2019,39.08
19/06/2019,38.71
21/06/2019,38.58
24/06/2019,38.55
25/06/2019,38.87
26/06/2019,38.90
27/06/2019,38.76
28/06/2019,38.85
01/07/2019,38.28
02/07/2019,37.95
03/07/2019,37.75
04/07/2019,37.83
05/07/2019,37.29
08/07/2019,37.43
09/07/2019,37.64
10/07/2019,37.41
11/07/2019,36.94
12/07/2019,37.21
15/07/2019,37.20
16/07/2019,37.59
17/07/2019,37.32
18/07/2019,36.98
19/07/2019,36.88
22/07/2019,36.74
23/07/2019,36.47
24/07/2019,36.63
25/07/2019,36.38
26/07/2019,36.36
29/07/2019,36.51
30/07/2019,36.32
31/07/2019,36.09
01/08/2019,35.95
02/08/2019,35.85
05/08/2019,35.85
06/08/2019,36.19
07/08/2019,36.27
08/08/2019,36.54
09/08/2019,36.61
12/08/2019,36.56
13/08/2019,36.50
14/08/2019,35.95
15/08/2019,36.22
16/08/2019,36.14
19/08/2019,36.28
20/08/2019,36.40
21/08/2019,36.51
22/08/2019,36.54
23/08/2019,36.60
26/08/2019,36.77
27/08/2019,36.62
28/08/2019,36.83
29/08/2019,37.18
30/08/2019,36.72
02/09/2019,37.23
03/09/2019,36.95
04/09/2019,36.63
05/09/2019,36.65
06/09/2019,36.84
09/09/2019,36.73
10/09/2019,37.11
11/09/2019,37.27
12/09/2019,37.45
13/09/2019,37.58
16/09/2019,37.61
17/09/2019,37.70
18/09/2019,37.72
19/09/2019,37.89
20/09/2019,37.88
23/09/2019,38.07
24/09/2019,38.01
25/09/2019,38.79
26/09/2019,38.85
27/09/2019,38.88
30/09/2019,38.70
01/10/2019,39.08
02/10/2019,39.58
03/10/2019,39.73
04/10/2019,39.97
07/10/2019,39.84
08/10/2019,39.82
09/10/2019,40.53
10/10/2019,40.33
11/10/2019,40.41
14/10/2019,40.58
15/10/2019,41.44
16/10/2019,41.83
17/10/2019,42.15
18/10/2019,43.04
21/10/2019,43.47
22/10/2019,43.52
23/10/2019,43.58
24/10/2019,43.01
25/10/2019,42.81
28/10/2019,42.74
29/10/2019,42.55
30/10/2019,42.71
31/10/2019,41.97
01/11/2019,41.55
04/11/2019,41.71
05/11/2019,41.58
06/11/2019,42.17
07/11/2019,42.48
08/11/2019,42.94
11/11/2019,43.57
12/11/2019,43.71
13/11/2019,44.27
14/11/2019,44.09
18/11/2019,43.75
19/11/2019,44.05
20/11/2019,44.11
21/11/2019,45.68
22/11/2019,46.42
25/11/2019,47.54
26/11/2019,47.37
27/11/2019,47.94
28/11/2019,48.03
29/11/2019,47.88
02/12/2019,47.71
03/12/2019,48.37
04/12/2019,48.45
05/12/2019,48.10
06/12/2019,48.13
09/12/2019,48.15
10/12/2019,47.97
11/12/2019,48.15
12/12/2019,47.99
13/12/2019,48.37
16/12/2019,47.94
17/12/2019,47.74
18/12/2019,48.14
19/12/2019,48.05
20/12/2019,48.06
23/12/2019,48.25
26/12/2019,48.39
27/12/2019,48.45
30/12/2019,48.62
02/01/2020,48.43
03/01/2020,48.91
06/01/2020,48.99
07/01/2020,49.31
08/01/2020,50.26
09/01/2020,51.50
10/01/2020,51.56
13/01/2020,51.48
14/01/2020,51.70
15/01/2020,52.20
16/01/2020,51.99
17/01/2020,51.77
20/01/2020,51.57
21/01/2020,51.66
22/01/2020,51.74
23/01/2020,51.49
24/01/2020,51.42
27/01/2020,51.77
28/01/2020,51.91
29/01/2020,51.54
30/01/2020,51.28
31/01/2020,51.16
03/02/2020,50.86
04/02/2020,50.07
05/02/2020,50.17
06/02/2020,50.13
07/02/2020,50.71
10/02/2020,50.88
11/02/2020,51.11
12/02/2020,51.63
13/02/2020,51.80
14/02/2020,52.13
17/02/2020,52.27
18/02/2020,52.25
19/02/2020,52.42
20/02/2020,52.27
21/02/2020,52.32
26/02/2020,52.87
27/02/2020,53.30
28/02/2020,53.25
02/03/2020,53.55
03/03/2020,53.81
04/03/2020,54.18
05/03/2020,54.69
06/03/2020,55.30
09/03/2020,55.55
10/03/2020,55.83
11/03/2020,56.77
12/03/2020,57.59
13/03/2020,57.58
16/03/2020,58.16
17/03/2020,58.41
18/03/2020,57.75
19/03/2020,58.27
20/03/2020,59.04
23/03/2020,58.62
24/03/2020,59.55
25/03/2020,59.49
26/03/2020,59.21
27/03/2020,59.50
30/03/2020,60.08
31/03/2020,60.14
01/04/2020,59.33
02/04/2020,58.87
03/04/2020,58.49
06/04/2020,57.83
07/04/2020,57.47
08/04/2020,56.46
09/04/2020,56.41
13/04/2020,56.19
14/04/2020,53.79
15/04/2020,52.20
16/04/2020,52.02
17/04/2020,51.55
20/04/2020,50.74
22/04/2020,48.65
23/04/2020,48.18
24/04/2020,47.60
27/04/2020,47.96
28/04/2020,47.94
29/04/2020,48.38
30/04/2020,48.35
04/05/2020,48.83
05/05/2020,48.78
06/05/2020,49.25
07/05/2020,49.91
08/05/2020,49.76
11/05/2020,50.01
12/05/2020,50.11
13/05/2020,50.91
14/05/2020,50.61
15/05/2020,50.57
18/05/2020,50.23
19/05/2020,50.06
20/05/2020,50.08
21/05/2020,50.51
22/05/2020,50.49
25/05/2020,51.14
26/05/2020,50.29
27/05/2020,50.54
28/05/2020,50.06
29/05/2020,50.19
01/06/2020,49.74
02/06/2020,49.60
03/06/2020,48.94
04/06/2020,48.66
05/06/2020,48.20
08/06/2020,47.53
09/06/2020,47.34
10/06/2020,46.81
12/06/2020,46.92
15/06/2020,46.96
16/06/2020,46.87
17/06/2020,46.85
18/06/2020,47.13
19/06/2020,47.15
22/06/2020,47.56
23/06/2020,46.97
24/06/2020,47.18
25/06/2020,47.49
26/06/2020,48.15
29/06/2020,48.28
30/06/2020,48.53
01/07/2020,49.51
02/07/2020,49.79
03/07/2020,49.65
06/07/2020,49.93
07/07/2020,49.94
08/07/2020,50.37
09/07/2020,50.31
10/07/2020,50.23
13/07/2020,49.78
14/07/2020,49.83
15/07/2020,49.40
16/07/2020,49.01
17/07/2020,49.43
20/07/2020,49.50
21/07/2020,49.62
22/07/2020,48.54
23/07/2020,48.83
24/07/2020,49.25
27/07/2020,49.73
28/07/2020,49.40
29/07/2020,49.79
30/07/2020,50.47
31/07/2020,50.79
03/08/2020,51.29
04/08/2020,51.97
05/08/2020,52.14
06/08/2020,52.59
07/08/2020,52.72
10/08/2020,53.59
11/08/2020,54.28
12/08/2020,54.78
13/08/2020,55.16
14/08/2020,55.51
17/08/2020,55.99
18/08/2020,57.63
19/08/2020,58.64
20/08/2020,59.01
21/08/2020,59.60
24/08/2020,59.93
25/08/2020,60.41
26/08/2020,60.70
27/08/2020,60.87
28/08/2020,60.97
31/08/2020,61.25
01/09/2020,60.92
02/09/2020,60.36
03/09/2020,59.11
04/09/2020,59.06
08/09/2020,58.64
09/09/2020,58.15
10/09/2020,58.38
11/09/2020,58.99
14/09/2020,59.70
15/09/2020,58.97
16/09/2020,58.88
17/09/2020,58.48
18/09/2020,58.48
21/09/2020,59.19
22/09/2020,59.91
23/09/2020,60.95
24/09/2020,61.28
25/09/2020,62.45
28/09/2020,62.42
29/09/2020,63.28
30/09/2020,63.63
01/10/2020,64.22
02/10/2020,64.75
05/10/2020,65.36
06/10/2020,65.48
07/10/2020,67.26
08/10/2020,67.55
09/10/2020,68.12
13/10/2020,69.09
14/10/2020,69.53
15/10/2020,70.30
16/10/2020,70.72
19/10/2020,71.49
20/10/2020,73.33
21/10/2020,75.39
22/10/2020,77.33
23/10/2020,78.82
26/10/2020,79.67
27/10/2020,81.48
28/10/2020,82.67
29/10/2020,82.55
30/10/2020,81.89
03/11/2020,80.77
04/11/2020,81.41
05/11/2020,81.27
06/11/2020,81.32
09/11/2020,80.91
10/11/2020,80.19
11/11/2020,80.58
12/11/2020,80.55
13/11/2020,80.74
16/11/2020,80.54
17/11/2020,80.92
18/11/2020,80.44
19/11/2020,80.02
20/11/2020,80.21
23/11/2020,80.06
24/11/2020,79.67
25/11/2020,79.77
26/11/2020,79.31
27/11/2020,79.27
30/11/2020,78.31
01/12/2020,77.17
02/12/2020,76.44
03/12/2020,75.47
04/12/2020,74.69
07/12/2020,73.84
08/12/2020,73.42
09/12/2020,73.61
10/12/2020,73.46
11/12/2020,73.10
14/12/2020,73.31
15/12/2020,73.84
16/12/2020,74.85
17/12/2020,74.11
18/12/2020,74.22
21/12/2020,75.10
22/12/2020,77.34
23/12/2020,77.60
28/12/2020,78.02
29/12/2020,78.45
30/12/2020,78.65
04/01/2021,81.79
05/01/2021,81.62
06/01/2021,82.31
07/01/2021,82.65
08/01/2021,82.60
11/01/2021,82.64
12/01/2021,83.32
13/01/2021,83.87
14/01/2021,84.28
15/01/2021,84.52
18/01/2021,84.96
19/01/2021,85.22
20/01/2021,85.44
21/01/2021,85.03
22/01/2021,84.43
25/01/2021,83.87
26/01/2021,83.97
27/01/2021,83.83
28/01/2021,83.25
29/01/2021,83.34
01/02/2021,83.95
02/02/2021,83.03
03/02/2021,83.09
04/02/2021,83.02
05/02/2021,82.78
08/02/2021,82.69
09/02/2021,83.39
10/02/2021,83.16
11/02/2021,83.19
12/02/2021,83.40
17/02/2021,83.80
18/02/2021,84.06
19/02/2021,84.35
22/02/2021,84.89
23/02/2021,85.08
24/02/2021,85.19
25/02/2021,85.59
26/02/2021,85.41
01/03/2021,85.59
02/03/2021,86.11
03/03/2021,87.06
04/03/2021,88.59
05/03/2021,89.07
08/03/2021,89.63
09/03/2021,89.88
10/03/2021,91.59
11/03/2021,91.72
12/03/2021,91.73
15/03/2021,92.17
16/03/2021,93.21
17/03/2021,93.44
18/03/2021,93.30
19/03/2021,93.85
22/03/2021,93.27
23/03/2021,92.56
24/03/2021,93.03
25/03/2021,93.31
26/03/2021,93.40
29/03/2021,94.40
30/03/2021,94.22
31/03/2021,93.71
01/04/2021,93.90
05/04/2021,94.04
06/04/2021,94.70
07/04/2021,95.32
08/04/2021,95.49
09/04/2021,95.37
12/04/2021,95.93
13/04/2021,96.57
14/04/2021,96.92
15/04/2021,97.64
16/04/2021,97.88
19/04/2021,97.91
20/04/2021,97.78
22/04/2021,97.98
23/04/2021,98.70
26/04/2021,99.28
27/04/2021,98.88
28/04/2021,99.25
29/04/2021,99.78
30/04/2021,99.76
03/05/2021,99.84
04/05/2021,99.79
05/05/2021,100.24
06/05/2021,100.90
07/05/2021,101.56
10/05/2021,101.23
11/05/2021,101.40
12/05/2021,102.39
13/05/2021,101.79
14/05/2021,101.34
17/05/2021,101.08
18/05/2021,103.23
19/05/2021,102.72
20/05/2021,102.06
21/05/2021,101.93
24/05/2021,101.12
25/05/2021,98.66
26/05/2021,96.83
27/05/2021,97.69
28/05/2021,99.24
31/05/2021,100.07
01/06/2021,99.23
02/06/2021,98.67
04/06/2021,98.63
07/06/2021,97.04
08/06/2021,96.57
09/06/2021,95.72
10/06/2021,95.21
11/06/2021,94.88
14/06/2021,94.29
15/06/2021,93.27
16/06/2021,91.60
17/06/2021,89.56
18/06/2021,89.87
21/06/2021,88.52
22/06/2021,87.72
23/06/2021,87.27
24/06/2021,86.25
25/06/2021,86.27
28/06/2021,86.63
29/06/2021,87.14
30/06/2021,89.57
01/07/2021,91.25
02/07/2021,92.10
05/07/2021,93.60
06/07/2021,94.44
07/07/2021,95.17
08/07/2021,95.93
09/07/2021,96.21
12/07/2021,96.24
13/07/2021,96.43
14/07/2021,97.19
15/07/2021,98.01
16/07/2021,97.34
19/07/2021,97.48
20/07/2021,97.49
21/07/2021,98.54
22/07/2021,99.19
23/07/2021,99.99
26/07/2021,100.63
27/07/2021,101.60
28/07/2021,102.44
29/07/2021,101.93
30/07/2021,101.40
02/08/2021,101.47
03/08/2021,100.96
04/08/2021,100.21
05/08/2021,100.31
06/08/2021,99.10
09/08/2021,99.45
10/08/2021,98.16
11/08/2021,98.35
12/08/2021,98.97
13/08/2021,99.87
16/08/2021,99.89
17/08/2021,99.40
18/08/2021,99.32
19/08/2021,99.02
20/08/2021,98.79
23/08/2021,98.21
24/08/2021,97.59
25/08/2021,97.49
26/08/2021,97.06
27/08/2021,95.84
30/08/2021,95.82
31/08/2021,94.76
01/09/2021,93.72
02/09/2021,93.00
03/09/2021,92.26
06/09/2021,92.50
08/09/2021,92.32
09/09/2021,92.15
10/09/2021,93.53
13/09/2021,93.71
14/09/2021,93.60
15/09/2021,93.43
16/09/2021,93.71
17/09/2021,93.67
20/09/2021,92.81
21/09/2021,92.08
22/09/2021,91.59
23/09/2021,90.83
24/09/2021,90.47
27/09/2021,91.18
28/09/2021,91.42
29/09/2021,91.45
30/09/2021,91.83
01/10/2021,91.76
04/10/2021,92.03
05/10/2021,92.22
06/10/2021,91.98
07/10/2021,91.12
08/10/2021,91.03
11/10/2021,91.02
13/10/2021,90.39
14/10/2021,90.13
15/10/2021,90.18
18/10/2021,89.89
19/10/2021,90.21
20/10/2021,89.56
21/10/2021,88.99
22/10/2021,89.27
25/10/2021,89.18
26/10/2021,88.27
27/10/2021,87.50
28/10/2021,86.89
29/10/2021,86.84
01/11/2021,86.97
03/11/2021,87.16
04/11/2021,86.40
05/11/2021,86.61
08/11/2021,85.69
09/11/2021,84.93
10/11/2021,84.51
11/11/2021,83.59
12/11/2021,82.75
16/11/2021,82.74
17/11/2021,82.45
18/11/2021,82.34
19/11/2021,82.84
22/11/2021,82.81
23/11/2021,83.26
24/11/2021,83.59
25/11/2021,83.63
26/11/2021,83.72
29/11/2021,83.44
30/11/2021,84.46
01/12/2021,84.98
02/12/2021,86.22
03/12/2021,86.86
06/12/2021,86.12
07/12/2021,87.58
08/12/2021,87.55
09/12/2021,87.54
10/12/2021,88.06
13/12/2021,88.10
14/12/2021,87.75
15/12/2021,87.56
16/12/2021,87.39
17/12/2021,87.18
20/12/2021,87.57
21/12/2021,88.61
22/12/2021,88.69
23/12/2021,89.81
27/12/2021,89.99
28/12/2021,90.34
29/12/2021,90.37
30/12/2021,90.35
03/01/2022,92.01
04/01/2022,92.72
05/01/2022,92.81
06/01/2022,93.28
07/01/2022,93.52
10/01/2022,94.43
11/01/2022,95.13
12/01/2022,95.27
13/01/2022,96.50
14/01/2022,96.77
17/01/2022,97.16
18/01/2022,97.39
19/01/2022,97.70
20/01/2022,98.13
21/01/2022,98.33
24/01/2022,97.93
25/01/2022,97.76
26/01/2022,97.90
27/01/2022,97.37
28/01/2022,97.40
31/01/2022,97.42
01/02/2022,97.40
02/02/2022,97.14
03/02/2022,96.82
04/02/2022,97.13
07/02/2022,96.97
08/02/2022,97.14
09/02/2022,96.93
10/02/2022,97.08
11/02/2022,97.05
14/02/2022,95.98
15/02/2022,96.55
16/02/2022,96.53
17/02/2022,96.51
18/02/2022,96.49
21/02/2022,96.52
22/02/2022,96.80
23/02/2022,96.85
24/02/2022,96.89
25/02/2022,97.34
02/03/2022,97.20
03/03/2022,97.72
04/03/2022,98.15
07/03/2022,100.19
08/03/2022,101.36
09/03/2022,101.25
10/03/2022,101.42
11/03/2022,103.57
14/03/2022,103.90
15/03/2022,103.87
16/03/2022,103.74
17/03/2022,103.57
18/03/2022,102.59
21/03/2022,102.63
22/03/2022,101.29
23/03/2022,99.93
24/03/2022,99.20
25/03/2022,96.98
28/03/2022,96.16
29/03/2022,92.77
30/03/2022,92.70
31/03/2022,93.09
01/04/2022,92.04
04/04/2022,91.55
05/04/2022,90.19
06/04/2022,89.46
07/04/2022,89.06
08/04/2022,89.02
11/04/2022,88.90
12/04/2022,88.17
13/04/2022,87.56
14/04/2022,87.30
18/04/2022,87.63
19/04/2022,88.03
20/04/2022,87.87
22/04/2022,87.93
25/04/2022,88.71
26/04/2022,88.51
27/04/2022,88.21
28/04/2022,88.38
29/04/2022,88.25
02/05/2022,87.87
03/05/2022,87.60
04/05/2022,87.55
05/05/2022,87.41
06/05/2022,86.63
09/05/2022,86.15
10/05/2022,85.83
11/05/2022,86.08
12/05/2022,86.40
13/05/2022,86.54
16/05/2022,87.97
17/05/2022,89.09
18/05/2022,89.28
19/05/2022,89.23
20/05/2022,88.48
23/05/2022,88.03
24/05/2022,87.43
25/05/2022,87.33
26/05/2022,86.99
27/05/2022,86.90
30/05/2022,86.84
31/05/2022,86.25
01/06/2022,85.80
02/06/2022,85.52
03/06/2022,85.07
06/06/2022,84.80
07/06/2022,85.56
08/06/2022,85.86
09/06/2022,85.85
10/06/2022,85.42
13/06/2022,85.41
14/06/2022,86.42
15/06/2022,86.25
17/06/2022,86.32
20/06/2022,87.42
21/06/2022,87.15
22/06/2022,87.04
23/06/2022,85.92
24/06/2022,85.65
27/06/2022,84.75
28/06/2022,83.90
29/06/2022,84.85
30/06/2022,83.55
01/07/2022,83.16
04/07/2022,83.24
05/07/2022,82.60
06/07/2022,82.19
07/07/2022,81.68
08/07/2022,81.50
11/07/2022,82.36
12/07/2022,83.12
13/07/2022,82.73
14/07/2022,82.58
15/07/2022,82.46
18/07/2022,82.36
19/07/2022,81.67
20/07/2022,81.41
21/07/2022,80.85
22/07/2022,80.06
25/07/2022,80.20
26/07/2022,81.27
27/07/2022,81.40
28/07/2022,81.78
29/07/2022,82.93
01/08/2022,82.64
02/08/2022,82.58
03/08/2022,82.41
04/08/2022,82.24
05/08/2022,81.91
08/08/2022,82.05
09/08/2022,81.63
10/08/2022,82.76
11/08/2022,81.94
12/08/2022,81.55
15/08/2022,81.41
16/08/2022,82.11
17/08/2022,82.77
18/08/2022,82.10
19/08/2022,82.16
22/08/2022,81.90
23/08/2022,82.69
24/08/2022,82.77
25/08/2022,83.31
26/08/2022,83.60
29/08/2022,83.80
30/08/2022,83.73
31/08/2022,83.94
01/09/2022,83.66
02/09/2022,83.39
05/09/2022,83.26
06/09/2022,83.54
08/09/2022,83.25
09/09/2022,83.43
12/09/2022,83.95
13/09/2022,83.72
14/09/2022,84.28
15/09/2022,84.55
16/09/2022,84.35
19/09/2022,84.02
20/09/2022,84.21
21/09/2022,84.24
22/09/2022,84.56
23/09/2022,84.54
26/09/2022,84.58
27/09/2022,84.72
28/09/2022,84.25
29/09/2022,84.24
30/09/2022,84.42
03/10/2022,84.14
04/10/2022,83.27
05/10/2022,82.91
06/10/2022,83.04
07/10/2022,83.05
10/10/2022,83.50
11/10/2022,83.86
13/10/2022,84.42
14/10/2022,84.67
17/10/2022,84.86
18/10/2022,85.38
19/10/2022,85.41
20/10/2022,85.21
21/10/2022,85.28
24/10/2022,85.08
25/10/2022,84.91
26/10/2022,85.12
27/10/2022,85.35
28/10/2022,85.69
31/10/2022,85.35
01/11/2022,85.11
03/11/2022,84.76
04/11/2022,84.95
07/11/2022,85.19
08/11/2022,85.30
09/11/2022,84.76
10/11/2022,84.48
11/11/2022,83.74
14/11/2022,84.00
16/11/2022,83.69
17/11/2022,84.06
18/11/2022,84.77
21/11/2022,85.08
22/11/2022,85.19
23/11/2022,85.51
24/11/2022,85.87
25/11/2022,85.48
28/11/2022,85.96
29/11/2022,85.76
30/11/2022,86.20
01/12/2022,86.00
02/12/2022,86.03
05/12/2022,85.54
06/12/2022,86.10
07/12/2022,86.19
08/12/2022,85.90
09/12/2022,86.08
12/12/2022,86.15
13/12/2022,86.00
14/12/2022,85.79
15/12/2022,85.91
16/12/2022,86.44
19/12/2022,86.05
20/12/2022,85.98
21/12/2022,85.82
22/12/2022,85.58
23/12/2022,85.80
26/12/2022,85.79
27/12/2022,86.61
28/12/2022,86.42
29/12/2022,86.07
02/01/2023,86.09
03/01/2023,86.07
04/01/2023,86.35
05/01/2023,87.72
06/01/2023,87.50
09/01/2023,87.27
10/01/2023,87.33
11/01/2023,87.19
12/01/2023,86.86
13/01/2023,86.87
16/01/2023,86.39
17/01/2023,86.19
18/01/2023,85.90
19/01/2023,85.38
20/01/2023,85.33
23/01/2023,85.43
24/01/2023,85.17
25/01/2023,85.22
26/01/2023,84.88
27/01/2023,84.74
30/01/2023,84.95
31/01/2023,85.49
01/02/2023,85.76
02/02/2023,85.04
03/02/2023,84.98
06/02/2023,85.12
07/02/2023,84.87
08/02/2023,84.90
09/02/2023,85.96
10/02/2023,86.03
13/02/2023,85.86
14/02/2023,86.26
15/02/2023,86.06
16/02/2023,86.24
17/02/2023,85.73
22/02/2023,86.06
23/02/2023,86.22
24/02/2023,85.83
27/02/2023,86.40
28/02/2023,86.08
01/03/2023,86.11
02/03/2023,86.36
03/03/2023,86.22
06/03/2023,86.15
07/03/2023,85.84
08/03/2023,86.03
09/03/2023,85.47
10/03/2023,85.32
13/03/2023,85.61
14/03/2023,85.42
15/03/2023,85.49
16/03/2023,85.37
17/03/2023,85.24
20/03/2023,84.66
21/03/2023,84.46
22/03/2023,84.36
23/03/2023,83.91
24/03/2023,84.18
27/03/2023,84.00
28/03/2023,83.39
29/03/2023,83.17
30/03/2023,82.90
31/03/2023,82.60
03/04/2023,82.40
04/04/2023,81.12
05/04/2023,80.89
06/04/2023,80.24
10/04/2023,79.39
11/04/2023,78.34
12/04/2023,77.66
13/04/2023,76.88
14/04/2023,75.99
17/04/2023,75.29
18/04/2023,73.92
19/04/2023,72.76
20/04/2023,70.60
24/04/2023,70.11
25/04/2023,69.75
26/04/2023,68.68
27/04/2023,67.71
28/04/2023,65.61
02/05/2023,64.50
03/05/2023,64.15
04/05/2023,62.85
05/05/2023,62.32
08/05/2023,61.75
09/05/2023,60.46
10/05/2023,60.13
11/05/2023,58.69
12/05/2023,58.79
15/05/2023,58.83
16/05/2023,58.84
17/05/2023,57.43
18/05/2023,56.51
19/05/2023,56.04
22/05/2023,55.83
23/05/2023,55.16
24/05/2023,54.56
25/05/2023,55.00
26/05/2023,54.82
29/05/2023,54.83
30/05/2023,54.27
31/05/2023,53.77
01/06/2023,53.90
02/06/2023,53.72
05/06/2023,53.63
06/06/2023,54.07
07/06/2023,53.72
09/06/2023,53.73
12/06/2023,53.77
13/06/2023,54.07
14/06/2023,54.33
15/06/2023,54.35
16/06/2023,54.36
19/06/2023,54.47
20/06/2023,54.83
21/06/2023,55.52
22/06/2023,57.07
23/06/2023,57.36
26/06/2023,57.41
27/06/2023,57.67
28/06/2023,56.36
29/06/2023,56.12
30/06/2023,55.36
